,PowerCapacity,Type,Unit,Zone,Technology,Fuel,JRC_id,Efficiency,MinUpTime,MinDownTime,RampUpRate,RampDownRate,StartUpCost,NoLoadCost,RampingCost,PartLoadMin,MinEfficiency,StartUpTime,RampUpMax,RampDownMax,RampStartUpMaximum,RampShutDownMaximum,CO2Intensity,CHPType,CHPPowerToHeat,STOCapacity,STOSelfDischarge,STOMaxChargingPower,STOChargingEfficiency
0,1690.0,Hydro Pumped Storage,GRAND MAISON,FR,HPHS,WAT,0.0,0.86,0.0,0.0,0.177514792899,0.177514792899,0.0,0.0,0.0,0.0,0.86,0.3,18000.0,18000.0,5633.33333333,5633.33333333,0.0,,,0.0,0.0,0.0,0.86
1,1500.0,Nuclear,CHOOZ 1,FR,STUR,NUC,0.0,0.405,24.0,24.0,0.00228666666667,0.00228666666667,200000.0,0.0,0.0,0.9,0.405,72.0,205.8,205.8,20.8333333333,20.8333333333,0.0,,,,,,
2,1500.0,Nuclear,CHOOZ 2,FR,STUR,NUC,0.0,0.405,24.0,24.0,0.00228666666667,0.00228666666667,200000.0,0.0,0.0,0.9,0.405,72.0,205.8,205.8,20.8333333333,20.8333333333,0.0,,,,,,
3,1495.0,Nuclear,CIVAUX 2,FR,STUR,NUC,0.0,0.405,24.0,24.0,0.00229431438127,0.00229431438127,200000.0,0.0,0.0,0.9,0.405,72.0,205.8,205.8,20.7638888889,20.7638888889,0.0,,,,,,
4,1495.0,Nuclear,CIVAUX 1,FR,STUR,NUC,0.0,0.405,24.0,24.0,0.00229431438127,0.00229431438127,200000.0,0.0,0.0,0.9,0.405,72.0,205.8,205.8,20.7638888889,20.7638888889,0.0,,,,,,
5,1335.0,Nuclear,ST ALBAN 2,FR,STUR,NUC,0.0,0.405,24.0,24.0,0.00256928838951,0.00256928838951,200000.0,0.0,0.0,0.9,0.405,72.0,205.8,205.8,18.5416666667,18.5416666667,0.0,,,,,,
6,1335.0,Nuclear,ST ALBAN 1,FR,STUR,NUC,0.0,0.405,24.0,24.0,0.00256928838951,0.00256928838951,200000.0,0.0,0.0,0.9,0.405,72.0,205.8,205.8,18.5416666667,18.5416666667,0.0,,,,,,
7,1330.0,Nuclear,PENLY 2,FR,STUR,NUC,0.0,0.405,24.0,24.0,0.00257894736842,0.00257894736842,200000.0,0.0,0.0,0.9,0.405,72.0,205.8,205.8,18.4722222222,18.4722222222,0.0,,,,,,
8,1330.0,Nuclear,PENLY 1,FR,STUR,NUC,0.0,0.405,24.0,24.0,0.00257894736842,0.00257894736842,200000.0,0.0,0.0,0.9,0.405,72.0,205.8,205.8,18.4722222222,18.4722222222,0.0,,,,,,
9,1330.0,Nuclear,FLAMANVILLE 2,FR,STUR,NUC,0.0,0.405,24.0,24.0,0.00257894736842,0.00257894736842,200000.0,0.0,0.0,0.9,0.405,72.0,205.8,205.8,18.4722222222,18.4722222222,0.0,,,,,,
10,1330.0,Nuclear,PALUEL 1,FR,STUR,NUC,0.0,0.405,24.0,24.0,0.00257894736842,0.00257894736842,200000.0,0.0,0.0,0.9,0.405,72.0,205.8,205.8,18.4722222222,18.4722222222,0.0,,,,,,
11,1330.0,Nuclear,FLAMANVILLE 1,FR,STUR,NUC,0.0,0.405,24.0,24.0,0.00257894736842,0.00257894736842,200000.0,0.0,0.0,0.9,0.405,72.0,205.8,205.8,18.4722222222,18.4722222222,0.0,,,,,,
12,1330.0,Nuclear,PALUEL 4,FR,STUR,NUC,0.0,0.405,24.0,24.0,0.00257894736842,0.00257894736842,200000.0,0.0,0.0,0.9,0.405,72.0,205.8,205.8,18.4722222222,18.4722222222,0.0,,,,,,
13,1330.0,Nuclear,PALUEL 2,FR,STUR,NUC,0.0,0.405,24.0,24.0,0.00257894736842,0.00257894736842,200000.0,0.0,0.0,0.9,0.405,72.0,205.8,205.8,18.4722222222,18.4722222222,0.0,,,,,,
14,1330.0,Nuclear,PALUEL 3,FR,STUR,NUC,0.0,0.405,24.0,24.0,0.00257894736842,0.00257894736842,200000.0,0.0,0.0,0.9,0.405,72.0,205.8,205.8,18.4722222222,18.4722222222,0.0,,,,,,
15,1310.0,Nuclear,GOLFECH 1,FR,STUR,NUC,0.0,0.405,24.0,24.0,0.00261832061069,0.00261832061069,200000.0,0.0,0.0,0.9,0.405,72.0,205.8,205.8,18.1944444444,18.1944444444,0.0,,,,,,
16,1310.0,Nuclear,BELLEVILLE 1,FR,STUR,NUC,0.0,0.405,24.0,24.0,0.00261832061069,0.00261832061069,200000.0,0.0,0.0,0.9,0.405,72.0,205.8,205.8,18.1944444444,18.1944444444,0.0,,,,,,
17,1310.0,Nuclear,NOGENT 1,FR,STUR,NUC,0.0,0.405,24.0,24.0,0.00261832061069,0.00261832061069,200000.0,0.0,0.0,0.9,0.405,72.0,205.8,205.8,18.1944444444,18.1944444444,0.0,,,,,,
18,1310.0,Nuclear,BELLEVILLE 2,FR,STUR,NUC,0.0,0.405,24.0,24.0,0.00261832061069,0.00261832061069,200000.0,0.0,0.0,0.9,0.405,72.0,205.8,205.8,18.1944444444,18.1944444444,0.0,,,,,,
19,1310.0,Nuclear,NOGENT 2,FR,STUR,NUC,0.0,0.405,24.0,24.0,0.00261832061069,0.00261832061069,200000.0,0.0,0.0,0.9,0.405,72.0,205.8,205.8,18.1944444444,18.1944444444,0.0,,,,,,
20,1310.0,Nuclear,GOLFECH 2,FR,STUR,NUC,0.0,0.405,24.0,24.0,0.00261832061069,0.00261832061069,200000.0,0.0,0.0,0.9,0.405,72.0,205.8,205.8,18.1944444444,18.1944444444,0.0,,,,,,
21,1300.0,Nuclear,CATTENOM 1,FR,STUR,NUC,0.0,0.405,24.0,24.0,0.00263846153846,0.00263846153846,200000.0,0.0,0.0,0.9,0.405,72.0,205.8,205.8,18.0555555556,18.0555555556,0.0,,,,,,
22,1300.0,Nuclear,CATTENOM 2,FR,STUR,NUC,0.0,0.405,24.0,24.0,0.00263846153846,0.00263846153846,200000.0,0.0,0.0,0.9,0.405,72.0,205.8,205.8,18.0555555556,18.0555555556,0.0,,,,,,
23,1300.0,Nuclear,CATTENOM 4,FR,STUR,NUC,0.0,0.405,24.0,24.0,0.00263846153846,0.00263846153846,200000.0,0.0,0.0,0.9,0.405,72.0,205.8,205.8,18.0555555556,18.0555555556,0.0,,,,,,
24,1300.0,Nuclear,CATTENOM 3,FR,STUR,NUC,0.0,0.405,24.0,24.0,0.00263846153846,0.00263846153846,200000.0,0.0,0.0,0.9,0.405,72.0,205.8,205.8,18.0555555556,18.0555555556,0.0,,,,,,
25,915.0,Nuclear,TRICASTIN 1,FR,STUR,NUC,0.0,0.405,24.0,24.0,0.00374863387978,0.00374863387978,200000.0,0.0,0.0,0.9,0.405,72.0,205.8,205.8,12.7083333333,12.7083333333,0.0,,,,,,
26,915.0,Nuclear,TRICASTIN 2,FR,STUR,NUC,0.0,0.405,24.0,24.0,0.00374863387978,0.00374863387978,200000.0,0.0,0.0,0.9,0.405,72.0,205.8,205.8,12.7083333333,12.7083333333,0.0,,,,,,
27,915.0,Nuclear,ST LAURENT 2,FR,STUR,NUC,0.0,0.405,24.0,24.0,0.00374863387978,0.00374863387978,200000.0,0.0,0.0,0.9,0.405,72.0,205.8,205.8,12.7083333333,12.7083333333,0.0,,,,,,
28,915.0,Nuclear,CRUAS 2,FR,STUR,NUC,0.0,0.405,24.0,24.0,0.00374863387978,0.00374863387978,200000.0,0.0,0.0,0.9,0.405,72.0,205.8,205.8,12.7083333333,12.7083333333,0.0,,,,,,
29,915.0,Nuclear,CRUAS 1,FR,STUR,NUC,0.0,0.405,24.0,24.0,0.00374863387978,0.00374863387978,200000.0,0.0,0.0,0.9,0.405,72.0,205.8,205.8,12.7083333333,12.7083333333,0.0,,,,,,
30,915.0,Nuclear,CRUAS 3,FR,STUR,NUC,0.0,0.405,24.0,24.0,0.00374863387978,0.00374863387978,200000.0,0.0,0.0,0.9,0.405,72.0,205.8,205.8,12.7083333333,12.7083333333,0.0,,,,,,
31,915.0,Nuclear,ST LAURENT 1,FR,STUR,NUC,0.0,0.405,24.0,24.0,0.00374863387978,0.00374863387978,200000.0,0.0,0.0,0.9,0.405,72.0,205.8,205.8,12.7083333333,12.7083333333,0.0,,,,,,
32,915.0,Nuclear,TRICASTIN 4,FR,STUR,NUC,0.0,0.405,24.0,24.0,0.00374863387978,0.00374863387978,200000.0,0.0,0.0,0.9,0.405,72.0,205.8,205.8,12.7083333333,12.7083333333,0.0,,,,,,
33,915.0,Nuclear,CRUAS 4,FR,STUR,NUC,0.0,0.405,24.0,24.0,0.00374863387978,0.00374863387978,200000.0,0.0,0.0,0.9,0.405,72.0,205.8,205.8,12.7083333333,12.7083333333,0.0,,,,,,
34,915.0,Nuclear,TRICASTIN 3,FR,STUR,NUC,0.0,0.405,24.0,24.0,0.00374863387978,0.00374863387978,200000.0,0.0,0.0,0.9,0.405,72.0,205.8,205.8,12.7083333333,12.7083333333,0.0,,,,,,
35,910.0,Hydro Pumped Storage,MONTEZIC,FR,HPHS,WAT,0.0,0.86,0.0,0.0,0.32967032967,0.32967032967,0.0,0.0,0.0,0.0,0.86,0.3,18000.0,18000.0,3033.33333333,3033.33333333,0.0,,,0.0,0.0,0.0,0.86
36,910.0,Nuclear,GRAVELINES 6,FR,STUR,NUC,0.0,0.405,24.0,24.0,0.00376923076923,0.00376923076923,200000.0,0.0,0.0,0.9,0.405,72.0,205.8,205.8,12.6388888889,12.6388888889,0.0,,,,,,
37,910.0,Nuclear,GRAVELINES 5,FR,STUR,NUC,0.0,0.405,24.0,24.0,0.00376923076923,0.00376923076923,200000.0,0.0,0.0,0.9,0.405,72.0,205.8,205.8,12.6388888889,12.6388888889,0.0,,,,,,
38,910.0,Nuclear,BLAYAIS 2,FR,STUR,NUC,0.0,0.405,24.0,24.0,0.00376923076923,0.00376923076923,200000.0,0.0,0.0,0.9,0.405,72.0,205.8,205.8,12.6388888889,12.6388888889,0.0,,,,,,
39,910.0,Nuclear,GRAVELINES 4,FR,STUR,NUC,0.0,0.405,24.0,24.0,0.00376923076923,0.00376923076923,200000.0,0.0,0.0,0.9,0.405,72.0,205.8,205.8,12.6388888889,12.6388888889,0.0,,,,,,
40,910.0,Nuclear,BUGEY 2,FR,STUR,NUC,0.0,0.405,24.0,24.0,0.00376923076923,0.00376923076923,200000.0,0.0,0.0,0.9,0.405,72.0,205.8,205.8,12.6388888889,12.6388888889,0.0,,,,,,
41,910.0,Nuclear,BLAYAIS 3,FR,STUR,NUC,0.0,0.405,24.0,24.0,0.00376923076923,0.00376923076923,200000.0,0.0,0.0,0.9,0.405,72.0,205.8,205.8,12.6388888889,12.6388888889,0.0,,,,,,
42,910.0,Nuclear,BLAYAIS 4,FR,STUR,NUC,0.0,0.405,24.0,24.0,0.00376923076923,0.00376923076923,200000.0,0.0,0.0,0.9,0.405,72.0,205.8,205.8,12.6388888889,12.6388888889,0.0,,,,,,
43,910.0,Nuclear,GRAVELINES 3,FR,STUR,NUC,0.0,0.405,24.0,24.0,0.00376923076923,0.00376923076923,200000.0,0.0,0.0,0.9,0.405,72.0,205.8,205.8,12.6388888889,12.6388888889,0.0,,,,,,
44,910.0,Nuclear,GRAVELINES 1,FR,STUR,NUC,0.0,0.405,24.0,24.0,0.00376923076923,0.00376923076923,200000.0,0.0,0.0,0.9,0.405,72.0,205.8,205.8,12.6388888889,12.6388888889,0.0,,,,,,
45,910.0,Nuclear,BUGEY 3,FR,STUR,NUC,0.0,0.405,24.0,24.0,0.00376923076923,0.00376923076923,200000.0,0.0,0.0,0.9,0.405,72.0,205.8,205.8,12.6388888889,12.6388888889,0.0,,,,,,
46,910.0,Nuclear,GRAVELINES 2,FR,STUR,NUC,0.0,0.405,24.0,24.0,0.00376923076923,0.00376923076923,200000.0,0.0,0.0,0.9,0.405,72.0,205.8,205.8,12.6388888889,12.6388888889,0.0,,,,,,
47,910.0,Nuclear,BLAYAIS 1,FR,STUR,NUC,0.0,0.405,24.0,24.0,0.00376923076923,0.00376923076923,200000.0,0.0,0.0,0.9,0.405,72.0,205.8,205.8,12.6388888889,12.6388888889,0.0,,,,,,
48,905.0,Nuclear,CHINON 4,FR,STUR,NUC,0.0,0.405,24.0,24.0,0.00379005524862,0.00379005524862,200000.0,0.0,0.0,0.9,0.405,72.0,205.8,205.8,12.5694444444,12.5694444444,0.0,,,,,,
49,905.0,Nuclear,CHINON 3,FR,STUR,NUC,0.0,0.405,24.0,24.0,0.00379005524862,0.00379005524862,200000.0,0.0,0.0,0.9,0.405,72.0,205.8,205.8,12.5694444444,12.5694444444,0.0,,,,,,
50,905.0,Nuclear,CHINON 2,FR,STUR,NUC,0.0,0.405,24.0,24.0,0.00379005524862,0.00379005524862,200000.0,0.0,0.0,0.9,0.405,72.0,205.8,205.8,12.5694444444,12.5694444444,0.0,,,,,,
51,905.0,Nuclear,CHINON 1,FR,STUR,NUC,0.0,0.405,24.0,24.0,0.00379005524862,0.00379005524862,200000.0,0.0,0.0,0.9,0.405,72.0,205.8,205.8,12.5694444444,12.5694444444,0.0,,,,,,
52,890.0,Nuclear,DAMPIERRE 4,FR,STUR,NUC,0.0,0.405,24.0,24.0,0.00385393258427,0.00385393258427,200000.0,0.0,0.0,0.9,0.405,72.0,205.8,205.8,12.3611111111,12.3611111111,0.0,,,,,,
53,890.0,Nuclear,DAMPIERRE 3,FR,STUR,NUC,0.0,0.405,24.0,24.0,0.00385393258427,0.00385393258427,200000.0,0.0,0.0,0.9,0.405,72.0,205.8,205.8,12.3611111111,12.3611111111,0.0,,,,,,
54,890.0,Nuclear,DAMPIERRE 1,FR,STUR,NUC,0.0,0.405,24.0,24.0,0.00385393258427,0.00385393258427,200000.0,0.0,0.0,0.9,0.405,72.0,205.8,205.8,12.3611111111,12.3611111111,0.0,,,,,,
55,890.0,Nuclear,DAMPIERRE 2,FR,STUR,NUC,0.0,0.405,24.0,24.0,0.00385393258427,0.00385393258427,200000.0,0.0,0.0,0.9,0.405,72.0,205.8,205.8,12.3611111111,12.3611111111,0.0,,,,,,
56,880.0,Nuclear,BUGEY 5,FR,STUR,NUC,0.0,0.405,24.0,24.0,0.00389772727273,0.00389772727273,200000.0,0.0,0.0,0.9,0.405,72.0,205.8,205.8,12.2222222222,12.2222222222,0.0,,,,,,
57,880.0,Nuclear,FESSENHEIM 2,FR,STUR,NUC,0.0,0.405,24.0,24.0,0.00389772727273,0.00389772727273,200000.0,0.0,0.0,0.9,0.405,72.0,205.8,205.8,12.2222222222,12.2222222222,0.0,,,,,,
58,880.0,Nuclear,FESSENHEIM 1,FR,STUR,NUC,0.0,0.405,24.0,24.0,0.00389772727273,0.00389772727273,200000.0,0.0,0.0,0.9,0.405,72.0,205.8,205.8,12.2222222222,12.2222222222,0.0,,,,,,
59,880.0,Nuclear,BUGEY 4,FR,STUR,NUC,0.0,0.405,24.0,24.0,0.00389772727273,0.00389772727273,200000.0,0.0,0.0,0.9,0.405,72.0,205.8,205.8,12.2222222222,12.2222222222,0.0,,,,,,
60,808.0,Hydro Pumped Storage,REVIN,FR,HPHS,WAT,0.0,0.86,0.0,0.0,0.371287128713,0.371287128713,0.0,0.0,0.0,0.0,0.86,0.3,18000.0,18000.0,2693.33333333,2693.33333333,0.0,,,0.0,0.0,0.0,0.86
61,796.0,Fossil Gas,DK6,FR,COMC,GAS,0.0,0.525,5.0,1.0,0.0140326633166,0.0140326633166,112542.12,0.0,0.0,0.4,0.525,1.0,670.2,670.2,796.0,796.0,0.45,,,,,,
62,742.0,Hydro Pumped Storage,SUPER BISSORTE,FR,HPHS,WAT,0.0,0.86,0.0,0.0,0.404312668464,0.404312668464,0.0,0.0,0.0,0.0,0.86,0.3,18000.0,18000.0,2473.33333333,2473.33333333,0.0,,,0.0,0.0,0.0,0.86
63,685.0,Fossil Oil,CORDEMAIS 3,FR,STUR,OIL,0.0,0.41,8.0,6.0,0.00729927007299,0.00729927007299,35280.965,0.0,0.0,0.3,0.41,7.0,300.0,300.0,97.8571428571,97.8571428571,0.79,,,,,,
64,685.0,Fossil Oil,ARAMON 1,FR,STUR,OIL,0.0,0.41,8.0,6.0,0.00729927007299,0.00729927007299,35280.965,0.0,0.0,0.3,0.41,7.0,300.0,300.0,97.8571428571,97.8571428571,0.79,,,,,,
65,685.0,Fossil Oil,ARAMON 2,FR,STUR,OIL,0.0,0.41,8.0,6.0,0.00729927007299,0.00729927007299,35280.965,0.0,0.0,0.3,0.41,7.0,300.0,300.0,97.8571428571,97.8571428571,0.79,,,,,,
66,685.0,Fossil Oil,CORDEMAIS 2,FR,STUR,OIL,0.0,0.41,8.0,6.0,0.00729927007299,0.00729927007299,35280.965,0.0,0.0,0.3,0.41,7.0,300.0,300.0,97.8571428571,97.8571428571,0.79,,,,,,
67,595.0,Fossil Hard coal,EMILE HUCHET 6,FR,STUR,HRD,0.0,0.395,8.0,6.0,0.00840336134454,0.00840336134454,117242.17,0.0,0.0,0.3,0.395,7.0,300.0,300.0,85.0,85.0,0.95,,,,,,
68,595.0,Fossil Hard coal,PROVENCE 5,FR,STUR,HRD,0.0,0.395,8.0,6.0,0.00840336134454,0.00840336134454,117242.17,0.0,0.0,0.3,0.395,7.0,300.0,300.0,85.0,85.0,0.95,,,,,,
69,585.0,Fossil Oil,PORCHEVILLE 2,FR,STUR,OIL,0.0,0.41,8.0,6.0,0.00854700854701,0.00854700854701,35280.965,0.0,0.0,0.3,0.41,7.0,300.0,300.0,83.5714285714,83.5714285714,0.79,,,,,,
70,585.0,Fossil Oil,PORCHEVILLE 1,FR,STUR,OIL,0.0,0.41,8.0,6.0,0.00854700854701,0.00854700854701,35280.965,0.0,0.0,0.3,0.41,7.0,300.0,300.0,83.5714285714,83.5714285714,0.79,,,,,,
71,585.0,Fossil Oil,PORCHEVILLE 4,FR,STUR,OIL,0.0,0.41,8.0,6.0,0.00854700854701,0.00854700854701,35280.965,0.0,0.0,0.3,0.41,7.0,300.0,300.0,83.5714285714,83.5714285714,0.79,,,,,,
72,580.0,Fossil Hard coal,HAVRE 4,FR,STUR,HRD,0.0,0.395,8.0,6.0,0.00862068965517,0.00862068965517,117242.17,0.0,0.0,0.3,0.395,7.0,300.0,300.0,82.8571428571,82.8571428571,0.95,,,,,,
73,580.0,Fossil Hard coal,CORDEMAIS 5,FR,STUR,HRD,0.0,0.395,8.0,6.0,0.00862068965517,0.00862068965517,117242.17,0.0,0.0,0.3,0.395,7.0,300.0,300.0,82.8571428571,82.8571428571,0.95,,,,,,
74,580.0,Fossil Hard coal,CORDEMAIS 4,FR,STUR,HRD,0.0,0.395,8.0,6.0,0.00862068965517,0.00862068965517,117242.17,0.0,0.0,0.3,0.395,7.0,300.0,300.0,82.8571428571,82.8571428571,0.95,,,,,,
75,546.0,Hydro Water Reservoir,BATHIE,FR,HDAM,WAT,0.0,0.85,0.0,0.0,0.164835164835,0.164835164835,0.0,0.0,0.0,0.0,0.85,0.3,5400.0,5400.0,1820.0,1820.0,0.0,,,0.0,0.0,0.0,0.86
76,535.0,Fossil Oil,PORCHEVILLE 3,FR,STUR,OIL,0.0,0.41,8.0,6.0,0.00934579439252,0.00934579439252,35280.965,0.0,0.0,0.3,0.41,7.0,300.0,300.0,76.4285714286,76.4285714286,0.79,,,,,,
77,485.0,Hydro Pumped Storage,CHEYLAS,FR,HPHS,WAT,0.0,0.86,0.0,0.0,0.618556701031,0.618556701031,0.0,0.0,0.0,0.0,0.86,0.3,18000.0,18000.0,1616.66666667,1616.66666667,0.0,,,0.0,0.0,0.0,0.86
78,465.0,Fossil Gas,MARTIGUES PONTEAU 5,FR,COMC,GAS,0.0,0.525,5.0,1.0,0.0240215053763,0.0240215053763,112542.12,0.0,0.0,0.4,0.525,1.0,670.2,670.2,465.0,465.0,0.45,,,,,,
79,465.0,Fossil Gas,MARTIGUES PONTEAU 6,FR,COMC,GAS,0.0,0.525,5.0,1.0,0.0240215053763,0.0240215053763,112542.12,0.0,0.0,0.4,0.525,1.0,670.2,670.2,465.0,465.0,0.45,,,,,,
80,447.0,Hydro Water Reservoir,POUGET,FR,HDAM,WAT,0.0,0.85,0.0,0.0,0.201342281879,0.201342281879,0.0,0.0,0.0,0.0,0.85,0.3,5400.0,5400.0,1490.0,1490.0,0.0,,,0.0,0.0,0.0,0.86
81,435.0,Fossil Gas,SPEM,FR,COMC,GAS,0.0,0.525,5.0,1.0,0.0256781609195,0.0256781609195,112542.12,0.0,0.0,0.4,0.525,1.0,670.2,670.2,435.0,435.0,0.45,,,,,,
82,428.0,Fossil Gas,CYCOFOS,FR,COMC,GAS,0.0,0.525,5.0,1.0,0.0260981308411,0.0260981308411,112542.12,0.0,0.0,0.4,0.525,1.0,670.2,670.2,428.0,428.0,0.45,,,,,,
83,427.0,Fossil Gas,BLENOD 5,FR,COMC,GAS,0.0,0.525,5.0,1.0,0.0261592505855,0.0261592505855,112542.12,0.0,0.0,0.4,0.525,1.0,670.2,670.2,427.0,427.0,0.45,,,,,,
84,425.0,Fossil Gas,COMBIGOLFE,FR,COMC,GAS,0.0,0.525,5.0,1.0,0.0262823529412,0.0262823529412,112542.12,0.0,0.0,0.4,0.525,1.0,670.2,670.2,425.0,425.0,0.45,,,,,,
85,420.0,Hydro Run-of-river and poundage,GENISSIAT,FR,HROR,WAT,0.0,1.0,0.0,0.0,0.52380952381,0.52380952381,0.0,0.0,0.0,0.0,1.0,0.3,13200.0,13200.0,1400.0,1400.0,0.0,,,,,,
86,413.0,Fossil Gas,EMILE HUCHET 8,FR,COMC,GAS,0.0,0.525,5.0,1.0,0.0270460048426,0.0270460048426,112542.12,0.0,0.0,0.4,0.525,1.0,670.2,670.2,413.0,413.0,0.45,,,,,,
87,413.0,Fossil Gas,EMILE HUCHET 7,FR,COMC,GAS,0.0,0.525,5.0,1.0,0.0270460048426,0.0270460048426,112542.12,0.0,0.0,0.4,0.525,1.0,670.2,670.2,413.0,413.0,0.45,,,,,,
88,413.0,Fossil Gas,Croix-de-Metz,FR,COMC,GAS,0.0,0.525,5.0,1.0,0.0270460048426,0.0270460048426,112542.12,0.0,0.0,0.4,0.525,1.0,670.2,670.2,413.0,413.0,0.45,,,,,,
89,412.0,Fossil Gas,Pont-sur-Sambre,FR,COMC,GAS,0.0,0.525,5.0,1.0,0.0271116504854,0.0271116504854,112542.12,0.0,0.0,0.4,0.525,1.0,670.2,670.2,412.0,412.0,0.45,,,,,,
90,406.0,Hydro Water Reservoir,BROMMAT,FR,HDAM,WAT,0.0,0.85,0.0,0.0,0.221674876847,0.221674876847,0.0,0.0,0.0,0.0,0.85,0.3,5400.0,5400.0,1353.33333333,1353.33333333,0.0,,,0.0,0.0,0.0,0.86
91,401.0,Fossil Gas,FR-GA-MORANT1,FR,COMC,GAS,0.0,0.525,5.0,1.0,0.027855361596,0.027855361596,112542.12,0.0,0.0,0.4,0.525,1.0,670.2,670.2,401.0,401.0,0.45,,,,,,
92,384.0,Hydro Water Reservoir,SERRE PONCON,FR,HDAM,WAT,0.0,0.85,0.0,0.0,0.234375,0.234375,0.0,0.0,0.0,0.0,0.85,0.3,5400.0,5400.0,1280.0,1280.0,0.0,,,0.0,0.0,0.0,0.86
93,366.0,Hydro Water Reservoir,MONTEYNARD,FR,HDAM,WAT,0.0,0.85,0.0,0.0,0.245901639344,0.245901639344,0.0,0.0,0.0,0.0,0.85,0.3,5400.0,5400.0,1220.0,1220.0,0.0,,,0.0,0.0,0.0,0.86
94,360.0,Hydro Water Reservoir,AIGLE,FR,HDAM,WAT,0.0,0.85,0.0,0.0,0.25,0.25,0.0,0.0,0.0,0.0,0.85,0.3,5400.0,5400.0,1200.0,1200.0,0.0,,,0.0,0.0,0.0,0.86
95,357.0,Hydro Water Reservoir,VILLARODIN,FR,HDAM,WAT,0.0,0.85,0.0,0.0,0.252100840336,0.252100840336,0.0,0.0,0.0,0.0,0.85,0.3,5400.0,5400.0,1190.0,1190.0,0.0,,,0.0,0.0,0.0,0.86
96,348.0,Hydro Run-of-river and poundage,DONZERE MONDRAGON,FR,HROR,WAT,0.0,1.0,0.0,0.0,0.632183908046,0.632183908046,0.0,0.0,0.0,0.0,1.0,0.3,13200.0,13200.0,1160.0,1160.0,0.0,,,,,,
97,320.0,Hydro Pumped Storage,COCHE,FR,HPHS,WAT,0.0,0.86,0.0,0.0,0.9375,0.9375,0.0,0.0,0.0,0.0,0.86,0.3,18000.0,18000.0,1066.66666667,1066.66666667,0.0,,,0.0,0.0,0.0,0.86
98,297.0,Hydro Water Reservoir,MALGOVERT,FR,HDAM,WAT,0.0,0.85,0.0,0.0,0.30303030303,0.30303030303,0.0,0.0,0.0,0.0,0.85,0.3,5400.0,5400.0,990.0,990.0,0.0,,,0.0,0.0,0.0,0.86
99,295.0,Hydro Run-of-river and poundage,MONTELIMAR,FR,HROR,WAT,0.0,1.0,0.0,0.0,0.745762711864,0.745762711864,0.0,0.0,0.0,0.0,1.0,0.3,13200.0,13200.0,983.333333333,983.333333333,0.0,,,,,,
100,293.0,Hydro Run-of-river and poundage,CHASTANG,FR,HROR,WAT,0.0,1.0,0.0,0.0,0.750853242321,0.750853242321,0.0,0.0,0.0,0.0,1.0,0.3,13200.0,13200.0,976.666666667,976.666666667,0.0,,,,,,
101,285.0,Hydro Water Reservoir,VOUGLANS,FR,HDAM,WAT,0.0,0.85,0.0,0.0,0.315789473684,0.315789473684,0.0,0.0,0.0,0.0,0.85,0.3,5400.0,5400.0,950.0,950.0,0.0,,,0.0,0.0,0.0,0.86
102,240.0,Marine,RANCE,FR,Other,Other,0.0,0.0,0.0,0.0,0.0,0.0,0.0,0.0,0.0,0.0,0.0,0.0,0.0,0.0,960.0,960.0,0.0,,,,,,
103,235.0,Hydro Water Reservoir,BORT,FR,HDAM,WAT,0.0,0.85,0.0,0.0,0.382978723404,0.382978723404,0.0,0.0,0.0,0.0,0.85,0.3,5400.0,5400.0,783.333333333,783.333333333,0.0,,,0.0,0.0,0.0,0.86
104,214.0,Hydro Water Reservoir,SISTERON,FR,HDAM,WAT,0.0,0.85,0.0,0.0,0.420560747664,0.420560747664,0.0,0.0,0.0,0.0,0.85,0.3,5400.0,5400.0,713.333333333,713.333333333,0.0,,,0.0,0.0,0.0,0.86
105,210.0,Hydro Run-of-river and poundage,VALLABREGUES,FR,HROR,WAT,0.0,1.0,0.0,0.0,1.04761904762,1.04761904762,0.0,0.0,0.0,0.0,1.0,0.3,13200.0,13200.0,700.0,700.0,0.0,,,,,,
106,203.0,Fossil Gas,GENNEVILLIERS 1,FR,COMC,GAS,0.0,0.525,5.0,1.0,0.0550246305419,0.0550246305419,112542.12,0.0,0.0,0.4,0.525,1.0,670.2,670.2,203.0,203.0,0.45,,,,,,
107,198.0,Hydro Run-of-river and poundage,BEAUCHASTEL,FR,HROR,WAT,0.0,1.0,0.0,0.0,1.11111111111,1.11111111111,0.0,0.0,0.0,0.0,1.0,0.3,13200.0,13200.0,660.0,660.0,0.0,,,,,,
108,189.0,Hydro Water Reservoir,PRAGNERES,FR,HDAM,WAT,0.0,0.85,0.0,0.0,0.47619047619,0.47619047619,0.0,0.0,0.0,0.0,0.85,0.3,5400.0,5400.0,630.0,630.0,0.0,,,0.0,0.0,0.0,0.86
109,187.0,Hydro Water Reservoir,ORAISON,FR,HDAM,WAT,0.0,0.85,0.0,0.0,0.48128342246,0.48128342246,0.0,0.0,0.0,0.0,0.85,0.3,5400.0,5400.0,623.333333333,623.333333333,0.0,,,0.0,0.0,0.0,0.86
110,185.0,Fossil Oil,MONTEREAU 6,FR,STUR,OIL,0.0,0.41,8.0,6.0,0.027027027027,0.027027027027,35280.965,0.0,0.0,0.3,0.41,7.0,300.0,300.0,26.4285714286,26.4285714286,0.79,,,,,,
111,185.0,Fossil Oil,MONTEREAU 5,FR,STUR,OIL,0.0,0.41,8.0,6.0,0.027027027027,0.027027027027,35280.965,0.0,0.0,0.3,0.41,7.0,300.0,300.0,26.4285714286,26.4285714286,0.79,,,,,,
112,183.0,Hydro Water Reservoir,SARRANS,FR,HDAM,WAT,0.0,0.85,0.0,0.0,0.491803278689,0.491803278689,0.0,0.0,0.0,0.0,0.85,0.3,5400.0,5400.0,610.0,610.0,0.0,,,0.0,0.0,0.0,0.86
113,182.0,Fossil Oil,VAIRES 3,FR,STUR,OIL,0.0,0.41,8.0,6.0,0.0274725274725,0.0274725274725,35280.965,0.0,0.0,0.3,0.41,7.0,300.0,300.0,26.0,26.0,0.79,,,,,,
114,181.0,Fossil Oil,VAIRES 1,FR,STUR,OIL,0.0,0.41,8.0,6.0,0.0276243093923,0.0276243093923,35280.965,0.0,0.0,0.3,0.41,7.0,300.0,300.0,25.8571428571,25.8571428571,0.79,,,,,,
115,180.0,Hydro Run-of-river and poundage,BOURG les VALENCE,FR,HROR,WAT,0.0,1.0,0.0,0.0,1.22222222222,1.22222222222,0.0,0.0,0.0,0.0,1.0,0.3,13200.0,13200.0,600.0,600.0,0.0,,,,,,
116,179.0,Fossil Oil,VAIRES 2,FR,STUR,OIL,0.0,0.41,8.0,6.0,0.0279329608939,0.0279329608939,35280.965,0.0,0.0,0.3,0.41,7.0,300.0,300.0,25.5714285714,25.5714285714,0.79,,,,,,
117,175.0,Hydro Run-of-river and poundage,FESSENHEIM,FR,HROR,WAT,0.0,1.0,0.0,0.0,1.25714285714,1.25714285714,0.0,0.0,0.0,0.0,1.0,0.3,13200.0,13200.0,583.333333333,583.333333333,0.0,,,,,,
118,168.0,Hydro Run-of-river and poundage,RHINAU,FR,HROR,WAT,0.0,1.0,0.0,0.0,1.30952380952,1.30952380952,0.0,0.0,0.0,0.0,1.0,0.3,13200.0,13200.0,560.0,560.0,0.0,,,,,,
119,159.0,Hydro Water Reservoir,SAINT CHAMAS,FR,HDAM,WAT,0.0,0.85,0.0,0.0,0.566037735849,0.566037735849,0.0,0.0,0.0,0.0,0.85,0.3,5400.0,5400.0,530.0,530.0,0.0,,,0.0,0.0,0.0,0.86
120,156.0,Hydro Run-of-river and poundage,MARCKOLSHEIM,FR,HROR,WAT,0.0,1.0,0.0,0.0,1.41025641026,1.41025641026,0.0,0.0,0.0,0.0,1.0,0.3,13200.0,13200.0,520.0,520.0,0.0,,,,,,
121,156.0,Hydro Run-of-river and poundage,CADEROUSSE,FR,HROR,WAT,0.0,1.0,0.0,0.0,1.41025641026,1.41025641026,0.0,0.0,0.0,0.0,1.0,0.3,13200.0,13200.0,520.0,520.0,0.0,,,,,,
122,156.0,Hydro Run-of-river and poundage,OTTMARSHEIM,FR,HROR,WAT,0.0,1.0,0.0,0.0,1.41025641026,1.41025641026,0.0,0.0,0.0,0.0,1.0,0.3,13200.0,13200.0,520.0,520.0,0.0,,,,,,
123,154.0,Hydro Run-of-river and poundage,KEMBS,FR,HROR,WAT,0.0,1.0,0.0,0.0,1.42857142857,1.42857142857,0.0,0.0,0.0,0.0,1.0,0.3,13200.0,13200.0,513.333333333,513.333333333,0.0,,,,,,
124,150.0,Hydro Run-of-river and poundage,MAREGES,FR,HROR,WAT,0.0,1.0,0.0,0.0,1.46666666667,1.46666666667,0.0,0.0,0.0,0.0,1.0,0.3,13200.0,13200.0,500.0,500.0,0.0,,,,,,
125,148.0,Hydro Run-of-river and poundage,STRASBOURG,FR,HROR,WAT,0.0,1.0,0.0,0.0,1.48648648649,1.48648648649,0.0,0.0,0.0,0.0,1.0,0.3,13200.0,13200.0,493.333333333,493.333333333,0.0,,,,,,
126,145.0,Hydro Run-of-river and poundage,SAUSSAZ,FR,HROR,WAT,0.0,1.0,0.0,0.0,1.51724137931,1.51724137931,0.0,0.0,0.0,0.0,1.0,0.3,13200.0,13200.0,483.333333333,483.333333333,0.0,,,,,,
127,141.0,Hydro Water Reservoir,SAINT ESTEVE,FR,HDAM,WAT,0.0,0.85,0.0,0.0,0.63829787234,0.63829787234,0.0,0.0,0.0,0.0,0.85,0.3,5400.0,5400.0,470.0,470.0,0.0,,,0.0,0.0,0.0,0.86
128,141.0,Hydro Run-of-river and poundage,VOGELGRUN,FR,HROR,WAT,0.0,1.0,0.0,0.0,1.56028368794,1.56028368794,0.0,0.0,0.0,0.0,1.0,0.3,13200.0,13200.0,470.0,470.0,0.0,,,,,,
129,141.0,Hydro Run-of-river and poundage,GERSTHEIM,FR,HROR,WAT,0.0,1.0,0.0,0.0,1.56028368794,1.56028368794,0.0,0.0,0.0,0.0,1.0,0.3,13200.0,13200.0,470.0,470.0,0.0,,,,,,
130,140.0,Hydro Run-of-river and poundage,BAIX LOGIS NEUF 1,FR,HROR,WAT,0.0,1.0,0.0,0.0,1.57142857143,1.57142857143,0.0,0.0,0.0,0.0,1.0,0.3,13200.0,13200.0,466.666666667,466.666666667,0.0,,,,,,
131,139.0,Hydro Water Reservoir,CURBANS,FR,HDAM,WAT,0.0,0.85,0.0,0.0,0.647482014388,0.647482014388,0.0,0.0,0.0,0.0,0.85,0.3,5400.0,5400.0,463.333333333,463.333333333,0.0,,,0.0,0.0,0.0,0.86
132,134.0,Fossil Oil,BRENNILIS 3,FR,STUR,OIL,0.0,0.41,8.0,6.0,0.0373134328358,0.0373134328358,35280.965,0.0,0.0,0.3,0.41,7.0,300.0,300.0,19.1428571429,19.1428571429,0.79,,,,,,
133,132.0,Hydro Water Reservoir,SAINTE CROIX,FR,HDAM,WAT,0.0,0.85,0.0,0.0,0.681818181818,0.681818181818,0.0,0.0,0.0,0.0,0.85,0.3,5400.0,5400.0,440.0,440.0,0.0,,,0.0,0.0,0.0,0.86
134,132.0,Hydro Water Reservoir,MONTPEZAT,FR,HDAM,WAT,0.0,0.85,0.0,0.0,0.681818181818,0.681818181818,0.0,0.0,0.0,0.0,0.85,0.3,5400.0,5400.0,440.0,440.0,0.0,,,0.0,0.0,0.0,0.86
135,130.0,Fossil Gas,AMFARD15,FR,COMC,GAS,0.0,0.525,5.0,1.0,0.0859230769231,0.0859230769231,112542.12,0.0,0.0,0.4,0.525,1.0,670.2,670.2,130.0,130.0,0.45,,,,,,
136,130.0,Fossil Gas,AMFARD14,FR,COMC,GAS,0.0,0.525,5.0,1.0,0.0859230769231,0.0859230769231,112542.12,0.0,0.0,0.4,0.525,1.0,670.2,670.2,130.0,130.0,0.45,,,,,,
137,129.0,Fossil Oil,ARRIGHI 2,FR,STUR,OIL,0.0,0.41,8.0,6.0,0.0387596899225,0.0387596899225,35280.965,0.0,0.0,0.3,0.41,7.0,300.0,300.0,18.4285714286,18.4285714286,0.79,,,,,,
138,126.0,Hydro Run-of-river and poundage,AVIGNON,FR,HROR,WAT,0.0,1.0,0.0,0.0,1.74603174603,1.74603174603,0.0,0.0,0.0,0.0,1.0,0.3,13200.0,13200.0,420.0,420.0,0.0,,,,,,
139,125.0,Fossil Oil,ARRIGHI 1,FR,STUR,OIL,0.0,0.41,8.0,6.0,0.04,0.04,35280.965,0.0,0.0,0.3,0.41,7.0,300.0,300.0,17.8571428571,17.8571428571,0.79,,,,,,
140,124.0,Hydro Run-of-river and poundage,RANDENS,FR,HROR,WAT,0.0,1.0,0.0,0.0,1.77419354839,1.77419354839,0.0,0.0,0.0,0.0,1.0,0.3,13200.0,13200.0,413.333333333,413.333333333,0.0,,,,,,
141,123.0,Hydro Water Reservoir,COMBE D'AVRIEUX,FR,HDAM,WAT,0.0,0.85,0.0,0.0,0.731707317073,0.731707317073,0.0,0.0,0.0,0.0,0.85,0.3,5400.0,5400.0,410.0,410.0,0.0,,,0.0,0.0,0.0,0.86
142,122.0,Hydro Run-of-river and poundage,SAINT-PIERRE,FR,HROR,WAT,0.0,1.0,0.0,0.0,1.80327868852,1.80327868852,0.0,0.0,0.0,0.0,1.0,0.3,13200.0,13200.0,406.666666667,406.666666667,0.0,,,,,,
143,119.0,Hydro Run-of-river and poundage,COUESQUE,FR,HROR,WAT,0.0,1.0,0.0,0.0,1.8487394958,1.8487394958,0.0,0.0,0.0,0.0,1.0,0.3,13200.0,13200.0,396.666666667,396.666666667,0.0,,,,,,
144,116.0,Hydro Water Reservoir,SAINT GUILLERME,FR,HDAM,WAT,0.0,0.85,0.0,0.0,0.775862068966,0.775862068966,0.0,0.0,0.0,0.0,0.85,0.3,5400.0,5400.0,386.666666667,386.666666667,0.0,,,0.0,0.0,0.0,0.86
145,116.0,Hydro Run-of-river and poundage,HERMILLON,FR,HROR,WAT,0.0,1.0,0.0,0.0,1.89655172414,1.89655172414,0.0,0.0,0.0,0.0,1.0,0.3,13200.0,13200.0,386.666666667,386.666666667,0.0,,,,,,
146,109.0,Hydro Water Reservoir,PIED DE BORNE,FR,HDAM,WAT,0.0,0.85,0.0,0.0,0.825688073394,0.825688073394,0.0,0.0,0.0,0.0,0.85,0.3,5400.0,5400.0,363.333333333,363.333333333,0.0,,,0.0,0.0,0.0,0.86
147,107.0,Hydro Water Reservoir,ST ETIENNE CANTALES,FR,HDAM,WAT,0.0,0.85,0.0,0.0,0.841121495327,0.841121495327,0.0,0.0,0.0,0.0,0.85,0.3,5400.0,5400.0,356.666666667,356.666666667,0.0,,,0.0,0.0,0.0,0.86
148,104.0,Hydro Run-of-river and poundage,PASSY,FR,HROR,WAT,0.0,1.0,0.0,0.0,2.11538461538,2.11538461538,0.0,0.0,0.0,0.0,1.0,0.3,13200.0,13200.0,346.666666667,346.666666667,0.0,,,,,,
149,104.0,Hydro Run-of-river and poundage,ASTON,FR,HROR,WAT,0.0,1.0,0.0,0.0,2.11538461538,2.11538461538,0.0,0.0,0.0,0.0,1.0,0.3,13200.0,13200.0,346.666666667,346.666666667,0.0,,,,,,
150,101.0,Hydro Run-of-river and poundage,SAINT PIERRE COGNET,FR,HROR,WAT,0.0,1.0,0.0,0.0,2.17821782178,2.17821782178,0.0,0.0,0.0,0.0,1.0,0.3,13200.0,13200.0,336.666666667,336.666666667,0.0,,,,,,
151,85.0,Fossil Oil,DIRINON 2,FR,STUR,OIL,0.0,0.41,8.0,6.0,0.0588235294118,0.0588235294118,35280.965,0.0,0.0,0.3,0.41,7.0,300.0,300.0,12.1428571429,12.1428571429,0.79,,,,,,
152,85.0,Fossil Oil,BRENNILIS 2,FR,STUR,OIL,0.0,0.41,8.0,6.0,0.0588235294118,0.0588235294118,35280.965,0.0,0.0,0.3,0.41,7.0,300.0,300.0,12.1428571429,12.1428571429,0.79,,,,,,
153,85.0,Fossil Oil,BRENNILIS 1,FR,STUR,OIL,0.0,0.41,8.0,6.0,0.0588235294118,0.0588235294118,35280.965,0.0,0.0,0.3,0.41,7.0,300.0,300.0,12.1428571429,12.1428571429,0.79,,,,,,
154,85.0,Fossil Oil,DIRINON 1,FR,STUR,OIL,0.0,0.41,8.0,6.0,0.0588235294118,0.0588235294118,35280.965,0.0,0.0,0.3,0.41,7.0,300.0,300.0,12.1428571429,12.1428571429,0.79,,,,,,
155,62.0,Other,CYCOFOS TV2,FR,Other,Other,0.0,0.0,0.0,0.0,0.0,0.0,0.0,0.0,0.0,0.0,0.0,0.0,0.0,0.0,248.0,248.0,0.0,,,,,,
156,45.0,Fossil Gas,SPEM Pointe,FR,COMC,GAS,0.0,0.525,5.0,1.0,0.248222222222,0.248222222222,112542.12,0.0,0.0,0.4,0.525,1.0,670.2,670.2,45.0,45.0,0.45,,,,,,
157,5292.0,Photovoltaic,DispaSET PHOT_FR,FR,PHOT,SUN,0.0,1.0,0.0,0.0,0.170068027211,0.170068027211,0.0,0.0,0.0,0.0,1.0,0.0,54000.0,54000.0,21168.0,21168.0,0.0,,,,,,
158,10358.0,Wind Onshore,DispaSET WindOn_FR,FR,WTON,WIN,0.0,1.0,0.0,0.0,0.0130334041321,0.0130334041321,0.0,0.0,0.0,0.0,1.0,0.0,8100.0,8100.0,41432.0,41432.0,0.0,,,,,,
159,119.4,Fossil Gas,DispaSET FossilGas_FR,FR,COMC,GAS,0.0,0.525,5.0,1.0,0.0935510887772,0.0935510887772,112542.12,0.0,0.0,0.4,0.525,1.0,670.2,670.2,119.4,119.4,0.45,,,,,,
160,10.0,Hydro Pumped Storage,DispaSET HydroPumpedSt_FR,FR,HPHS,WAT,0.0,0.86,0.0,0.0,30.0,30.0,0.0,0.0,0.0,0.0,0.86,0.3,18000.0,18000.0,33.3333333333,33.3333333333,0.0,,,0.0,0.0,0.0,0.86
161,5636.0,Hydro Run-of-river and poundage,DispaSET HydroRiver_FR,FR,HROR,WAT,0.0,1.0,0.0,0.0,0.0390347764372,0.0390347764372,0.0,0.0,0.0,0.0,1.0,0.3,13200.0,13200.0,18786.6666667,18786.6666667,0.0,,,,,,
162,2590.0,Hydro Water Reservoir,DispaSET HydroRes_FR,FR,HDAM,WAT,0.0,0.85,0.0,0.0,0.034749034749,0.034749034749,0.0,0.0,0.0,0.0,0.85,0.3,5400.0,5400.0,8633.33333333,8633.33333333,0.0,,,0.0,0.0,0.0,0.86
