PowerCapacity,Unit,Zone,Technology,Fuel,Efficiency,MinUpTime,MinDownTime,RampUpRate,RampDownRate,StartUpCost,NoLoadCost,RampingCost,PartLoadMin,MinEfficiency,StartUpTime,CO2Intensity,CHPType,CHPPowerToHeat,STOCapacity,STOSelfDischarge,STOMaxChargingPower,STOChargingEfficiency
430,Ghazlan GT-01,SA_EOA,STUR,GAS,0.320300326,48,48,0.02326,0.02326,31847.01574,1174.437687,0,0.534883721,0.312,4.395348837,0.535645665,,,,,,
430,Ghazlan GT-02,SA_EOA,STUR,GAS,0.313902785,48,48,0.02326,0.02326,31847.01574,1174.437687,0,0.534883721,0.312,4.395348837,0.535645665,,,,,,
430,Ghazlan GT-03,SA_EOA,STUR,GAS,0.318037721,48,48,0.02326,0.02326,31847.01574,1174.437687,0,0.534883721,0.312,4.395348837,0.535645665,,,,,,
430,Ghazlan GT-04,SA_EOA,STUR,GAS,0.315201713,48,48,0.02326,0.02326,31847.01574,1174.437687,0,0.534883721,0.312,4.395348837,0.535645665,,,,,,
664,Ghazlan GT-05,SA_EOA,STUR,GAS,0.378653763,48,48,0.02259,0.02259,31847.01574,1174.437687,0,0.602409639,0.312,4.395348837,0.535645665,,,,,,
664,Ghazlan GT-06,SA_EOA,STUR,GAS,0.378441287,48,48,0.02259,0.02259,31847.01574,1174.437687,0,0.602409639,0.312,4.395348837,0.535645665,,,,,,
664,Ghazlan GT-07,SA_EOA,STUR,GAS,0.379326727,48,48,0.02259,0.02259,31847.01574,1174.437687,0,0.602409639,0.312,4.395348837,0.535645665,,,,,,
664,Ghazlan GT-08,SA_EOA,STUR,GAS,0.38126283,48,48,0.02259,0.02259,31847.01574,1174.437687,0,0.602409639,0.312,4.395348837,0.535645665,,,,,,
625,Qurrayah ST-01,SA_EOA,STUR,GAS,0.375210073,48,48,0.024,0.024,31847.01574,1174.437687,0,0.64,0.312,4.395348837,0.535645665,,,,,,
625,Qurrayah ST-02,SA_EOA,STUR,GAS,0.375684953,48,48,0.024,0.024,31847.01574,1174.437687,0,0.64,0.312,4.395348837,0.535645665,,,,,,
625,Qurrayah ST-03,SA_EOA,STUR,GAS,0.369677678,48,48,0.024,0.024,31847.01574,1174.437687,0,0.64,0.312,4.395348837,0.535645665,,,,,,
625,Qurrayah ST-04,SA_EOA,STUR,GAS,0.370801038,48,48,0.024,0.024,31847.01574,1174.437687,0,0.64,0.312,4.395348837,0.535645665,,,,,,
135,Qurrayah GT-01,SA_EOA,GTUR,GAS,0.318542126,48,48,0.15748,0.15748,8652.72791,1887.309327,0,0.518518519,0.2559,0.6,0.500133246,,,,,,
135,Qurrayah GT-02,SA_EOA,GTUR,GAS,0.318542126,48,48,0.15748,0.15748,8652.72791,1887.309327,0,0.518518519,0.2559,0.6,0.500133246,,,,,,
135,Qurrayah GT-03,SA_EOA,GTUR,GAS,0.318542126,48,48,0.15748,0.15748,8652.72791,1887.309327,0,0.518518519,0.2559,0.6,0.500133246,,,,,,
135,Qurrayah GT-04,SA_EOA,GTUR,GAS,0.318542126,48,48,0.15748,0.15748,8652.72791,1887.309327,0,0.518518519,0.2559,0.6,0.500133246,,,,,,
135,Qurrayah GT-05,SA_EOA,GTUR,GAS,0.318542126,48,48,0.15748,0.15748,8652.72791,1887.309327,0,0.518518519,0.2559,0.6,0.500133246,,,,,,
135,Qurrayah GT-06,SA_EOA,GTUR,GAS,0.318542126,48,48,0.15748,0.15748,8652.72791,1887.309327,0,0.518518519,0.2559,0.6,0.500133246,,,,,,
135,Qurrayah GT-07,SA_EOA,GTUR,GAS,0.318542126,48,48,0.15748,0.15748,8652.72791,1887.309327,0,0.518518519,0.2559,0.6,0.500133246,,,,,,
135,Qurrayah GT-08,SA_EOA,GTUR,GAS,0.318542126,48,48,0.15748,0.15748,8652.72791,1887.309327,0,0.518518519,0.2559,0.6,0.500133246,,,,,,
135,Qurrayah GT-09,SA_EOA,GTUR,GAS,0.318542126,48,48,0.15748,0.15748,8652.72791,1887.309327,0,0.518518519,0.2559,0.6,0.500133246,,,,,,
135,Qurrayah GT-10,SA_EOA,GTUR,GAS,0.318542126,48,48,0.15748,0.15748,8652.72791,1887.309327,0,0.518518519,0.2559,0.6,0.500133246,,,,,,
135,Qurrayah GT-11,SA_EOA,GTUR,GAS,0.318542126,48,48,0.15748,0.15748,8652.72791,1887.309327,0,0.518518519,0.2559,0.6,0.500133246,,,,,,
135,Qurrayah GT-12,SA_EOA,GTUR,GAS,0.318542126,48,48,0.15748,0.15748,8652.72791,1887.309327,0,0.518518519,0.2559,0.6,0.500133246,,,,,,
135,Qurrayah GT-13,SA_EOA,GTUR,GAS,0.318542126,48,48,0.15748,0.15748,8652.72791,1887.309327,0,0.518518519,0.2559,0.6,0.500133246,,,,,,
135,Qurrayah GT-14,SA_EOA,GTUR,GAS,0.318542126,48,48,0.15748,0.15748,8652.72791,1887.309327,0,0.518518519,0.2559,0.6,0.500133246,,,,,,
135,Qurrayah GT-15,SA_EOA,GTUR,GAS,0.318542126,48,48,0.15748,0.15748,8652.72791,1887.309327,0,0.518518519,0.2559,0.6,0.500133246,,,,,,
135,Qurrayah GT-16,SA_EOA,GTUR,GAS,0.318542126,48,48,0.15748,0.15748,8652.72791,1887.309327,0,0.518518519,0.2559,0.6,0.500133246,,,,,,
135,Qurrayah GT-17,SA_EOA,GTUR,GAS,0.318542126,48,48,0.15748,0.15748,8652.72791,1887.309327,0,0.518518519,0.2559,0.6,0.500133246,,,,,,
135,Qurrayah GT-18,SA_EOA,GTUR,GAS,0.318542126,48,48,0.15748,0.15748,8652.72791,1887.309327,0,0.518518519,0.2559,0.6,0.500133246,,,,,,
665,Qurrayah CC-1,SA_EOA,COMC,GAS,0.454413174,48,48,0.1,0.1,102145.4075,340.0637477,0,0.288721805,0.512153671,0.874125874,0.346067311,,,,,,
665,Qurrayah CC-2,SA_EOA,COMC,GAS,0.454413174,48,48,0.1,0.1,102145.4075,340.0637477,0,0.288721805,0.512153671,0.874125874,0.346067311,,,,,,
665,Qurrayah CC-3,SA_EOA,COMC,GAS,0.454413174,48,48,0.1,0.1,102145.4075,340.0637477,0,0.288721805,0.512153671,0.874125874,0.346067311,,,,,,
665,Qurrayah CC-4,SA_EOA,COMC,GAS,0.454413174,48,48,0.1,0.1,102145.4075,340.0637477,0,0.288721805,0.512153671,0.874125874,0.346067311,,,,,,
665,Qurrayah CC-5,SA_EOA,COMC,GAS,0.454413174,48,48,0.1,0.1,102145.4075,340.0637477,0,0.288721805,0.512153671,0.874125874,0.346067311,,,,,,
665,Qurrayah CC-6,SA_EOA,COMC,GAS,0.454413174,48,48,0.1,0.1,102145.4075,340.0637477,0,0.288721805,0.512153671,0.874125874,0.346067311,,,,,,
10.1,Dammam GT-03,SA_EOA,GTUR,GAS,0.08851186,11.78947368,10,0.22462,0.22462,8652.72791,1887.309327,0,0.495049505,0.2559,0.6,0.500133246,,,,,,
7.1,Dammam GT-04,SA_EOA,GTUR,GAS,0.150203035,11.78947368,10,0.16296,0.16296,8652.72791,1887.309327,0,0.704225352,0.2559,0.6,0.500133246,,,,,,
7.3,Dammam GT-05,SA_EOA,GTUR,GAS,0.147056269,11.78947368,10,0.16296,0.16296,8652.72791,1887.309327,0,0.684931507,0.2559,0.6,0.500133246,,,,,,
73.85304971,Dammam GT-06,SA_EOA,GTUR,GAS,0.08851186,11.78947368,10,0.16304,0.16304,8652.72791,1887.309327,0,0.396021113,0.2559,0.6,0.500133246,,,,,,
20,Dammam GT-07,SA_EOA,GTUR,GAS,0.179971488,11.78947368,10,0.14851,0.14851,8652.72791,1887.309327,0,0.25,0.2559,0.6,0.500133246,,,,,,
20,Dammam GT-08,SA_EOA,GTUR,GAS,0.08851186,11.78947368,10,0.16587,0.16587,8652.72791,1887.309327,0,0.25,0.2559,0.6,0.500133246,,,,,,
20,Dammam GT-09,SA_EOA,GTUR,GAS,0.187232844,11.78947368,10,0.11058,0.11058,8652.72791,1887.309327,0,0.25,0.2559,0.6,0.500133246,,,,,,
20,Dammam GT-10,SA_EOA,GTUR,GAS,0.194507715,11.78947368,10,0.29412,0.29412,8652.72791,1887.309327,0,0.25,0.2559,0.6,0.500133246,,,,,,
22,Dammam GT-13,SA_EOA,GTUR,GAS,0.203642709,11.78947368,10,0.11662,0.11662,8652.72791,1887.309327,0,0.454545455,0.2559,0.6,0.500133246,,,,,,
22,Dammam GT-14,SA_EOA,GTUR,GAS,0.207342383,11.78947368,10,0.12461,0.12461,8652.72791,1887.309327,0,0.454545455,0.2559,0.6,0.500133246,,,,,,
22,Dammam GT-15,SA_EOA,GTUR,GAS,0.204264933,11.78947368,10,0.15152,0.15152,8652.72791,1887.309327,0,0.454545455,0.2559,0.6,0.500133246,,,,,,
15,Dammam GT-16,SA_EOA,GTUR,GAS,0.08851186,11.78947368,10,0.19608,0.19608,8652.72791,1887.309327,0,0.666666667,0.2559,0.6,0.500133246,,,,,,
20,Dammam GT-17,SA_EOA,GTUR,GAS,0.1760772,11.78947368,10,0.12232,0.12232,8652.72791,1887.309327,0,0.4,0.2559,0.6,0.500133246,,,,,,
46,Dammam GT-19,SA_EOA,GTUR,GAS,0.08851186,11.78947368,10,0.10989,0.10989,8652.72791,1887.309327,0,0.326086957,0.2559,0.6,0.500133246,,,,,,
46,Dammam GT-21,SA_EOA,GTUR,GAS,0.180400344,11.78947368,10,0.09788,0.09788,8652.72791,1887.309327,0,0.326086957,0.2559,0.6,0.500133246,,,,,,
16,Juaymah GT-01,SA_EOA,GTUR,GAS,0.08851186,11.78947368,10,0.14493,0.14493,8652.72791,1887.309327,0,0.625,0.2559,0.6,0.500133246,,,,,,
40,Juaymah GT-02,SA_EOA,GTUR,GAS,0.08851186,11.78947368,10,0.12876,0.12876,8652.72791,1887.309327,0,0.3,0.2559,0.6,0.500133246,,,,,,
40,Juaymah GT-03,SA_EOA,GTUR,GAS,0.08851186,11.78947368,10,0.07407,0.07407,8652.72791,1887.309327,0,0.375,0.2559,0.6,0.500133246,,,,,,
65,Berri GT-01,SA_EOA,GTUR,GAS,0.215614808,11.78947368,10,0.06369,0.06369,8652.72791,1887.309327,0,0.153846154,0.2559,0.6,0.500133246,,,,,,
65,Berri GT-02,SA_EOA,GTUR,GAS,0.215613077,11.78947368,10,0.06494,0.06494,8652.72791,1887.309327,0,0.153846154,0.2559,0.6,0.500133246,,,,,,
65,Berri GT-03,SA_EOA,GTUR,GAS,0.20899404,11.78947368,10,0.06494,0.06494,8652.72791,1887.309327,0,0.153846154,0.2559,0.6,0.500133246,,,,,,
40,Safaniyah GT-01,SA_EOA,GTUR,GAS,0.181030002,11.78947368,10,0.125,0.125,8652.72791,1887.309327,0,0.25,0.2559,0.6,0.500133246,,,,,,
17,Qaisumah GT-01,SA_EOA,GTUR,DSL,0.1662976,0.044117647,10,0.125,0.125,6458.016482,1146.803507,0,0.294117647,0.169,0.6,0.870213776,,,,,,
17,Qaisumah GT-02,SA_EOA,GTUR,DSL,0.176265652,0.044117647,10,0.08993,0.08993,6458.016482,1146.803507,0,0.294117647,0.169,0.6,0.870213776,,,,,,
17,Qaisumah GT-03,SA_EOA,GTUR,DSL,0.180685803,0.044117647,10,0.08711,0.08711,6458.016482,1146.803507,0,0.294117647,0.169,0.6,0.870213776,,,,,,
17,Qaisumah GT-04,SA_EOA,GTUR,DSL,0.182850442,0.044117647,10,0.08432,0.08432,6458.016482,1146.803507,0,0.294117647,0.169,0.6,0.870213776,,,,,,
26.8,Qaisumah GT-05,SA_EOA,GTUR,DSL,0.186965032,0.044117647,10,0.08741,0.08741,6458.016482,1146.803507,0,0.186567164,0.169,0.6,0.870213776,,,,,,
26.8,Qaisumah GT-06,SA_EOA,GTUR,DSL,0.188194229,0.044117647,10,0.08666,0.08666,6458.016482,1146.803507,0,0.186567164,0.169,0.6,0.870213776,,,,,,
60,Shedgum GT-01,SA_EOA,GTUR,GAS,0.186490871,11.78947368,2,0.09579,0.09579,8652.72791,1887.309327,0,0.25,0.2559,0.6,0.500133246,,,,,,
60,Shedgum GT-02,SA_EOA,GTUR,GAS,0.19457841,11.78947368,2,0.08726,0.08726,8652.72791,1887.309327,0,0.25,0.2559,0.6,0.500133246,,,,,,
60,Shedgum GT-03,SA_EOA,GTUR,GAS,0.200788582,11.78947368,2,0.08078,0.08078,8652.72791,1887.309327,0,0.25,0.2559,0.6,0.500133246,,,,,,
60,Shedgum GT-04,SA_EOA,GTUR,GAS,0.202333029,11.78947368,2,0.08143,0.08143,8652.72791,1887.309327,0,0.25,0.2559,0.6,0.500133246,,,,,,
60,Shedgum GT-05,SA_EOA,GTUR,GAS,0.187775962,11.78947368,2,0.08881,0.08881,8652.72791,1887.309327,0,0.25,0.2559,0.6,0.500133246,,,,,,
60,Shedgum GT-06,SA_EOA,GTUR,GAS,0.217047456,11.78947368,2,0.08726,0.08726,8652.72791,1887.309327,0,0.25,0.2559,0.6,0.500133246,,,,,,
60,Shedgum GT-07,SA_EOA,GTUR,GAS,0.199187408,11.78947368,2,0.08726,0.08726,8652.72791,1887.309327,0,0.25,0.2559,0.6,0.500133246,,,,,,
61.9,Shedgum GT-08,SA_EOA,GTUR,GAS,0.206485921,11.78947368,2,0.09208,0.09208,8652.72791,1887.309327,0,0.242326333,0.2559,0.6,0.500133246,,,,,,
61.4,Shedgum GT-09,SA_EOA,GTUR,GAS,0.196833502,11.78947368,2,0.08576,0.08576,8652.72791,1887.309327,0,0.244299674,0.2559,0.6,0.500133246,,,,,,
59,Shedgum GT-10,SA_EOA,GTUR,GAS,0.243468669,11.78947368,2,0.08881,0.08881,8652.72791,1887.309327,0,0.254237288,0.2559,0.6,0.500133246,,,,,,
59,Shedgum GT-11,SA_EOA,GTUR,GAS,0.242919872,11.78947368,2,0.08881,0.08881,8652.72791,1887.309327,0,0.254237288,0.2559,0.6,0.500133246,,,,,,
59,Shedgum GT-12,SA_EOA,GTUR,GAS,0.24967551,11.78947368,2,0.08787,0.08787,8652.72791,1887.309327,0,0.254237288,0.2559,0.6,0.500133246,,,,,,
59,Shedgum GT-13,SA_EOA,GTUR,GAS,0.25583591,11.78947368,2,0.09042,0.09042,8652.72791,1887.309327,0,0.254237288,0.2559,0.6,0.500133246,,,,,,
59,Shedgum GT-14,SA_EOA,GTUR,GAS,0.246444532,11.78947368,2,0.09042,0.09042,8652.72791,1887.309327,0,0.254237288,0.2559,0.6,0.500133246,,,,,,
59,Shedgum GT-15,SA_EOA,GTUR,GAS,0.244497988,11.78947368,2,0.09208,0.09208,8652.72791,1887.309327,0,0.254237288,0.2559,0.6,0.500133246,,,,,,
59,Shedgum GT-16,SA_EOA,GTUR,GAS,0.255999857,11.78947368,2,0.09042,0.09042,8652.72791,1887.309327,0,0.254237288,0.2559,0.6,0.500133246,,,,,,
59,Shedgum GT-17,SA_EOA,GTUR,GAS,0.241702144,11.78947368,2,0.09042,0.09042,8652.72791,1887.309327,0,0.254237288,0.2559,0.6,0.500133246,,,,,,
60.2,Faras GT-01,SA_EOA,GTUR,GAS,0.2569664,11.78947368,2,0.08993,0.08993,8652.72791,1887.309327,0,0.249169435,0.2559,0.6,0.500133246,,,,,,
60.2,Faras GT-02,SA_EOA,GTUR,GAS,0.2546277,11.78947368,2,0.08881,0.08881,8652.72791,1887.309327,0,0.249169435,0.2559,0.6,0.500133246,,,,,,
60.2,Faras GT-03,SA_EOA,GTUR,GAS,0.254427481,11.78947368,2,0.08726,0.08726,8652.72791,1887.309327,0,0.249169435,0.2559,0.6,0.500133246,,,,,,
60.2,Faras GT-04,SA_EOA,GTUR,GAS,0.262298706,11.78947368,2,0.0821,0.0821,8652.72791,1887.309327,0,0.249169435,0.2559,0.6,0.500133246,,,,,,
60.2,Faras GT-05,SA_EOA,GTUR,GAS,0.262494323,11.78947368,2,0.09242,0.09242,8652.72791,1887.309327,0,0.249169435,0.2559,0.6,0.500133246,,,,,,
60.2,Faras GT-06,SA_EOA,GTUR,GAS,0.259313666,11.78947368,2,0.09785,0.09785,8652.72791,1887.309327,0,0.249169435,0.2559,0.6,0.500133246,,,,,,
60.2,Faras GT-07,SA_EOA,GTUR,GAS,0.256278334,11.78947368,2,0.08251,0.08251,8652.72791,1887.309327,0,0.249169435,0.2559,0.6,0.500133246,,,,,,
60.2,Faras GT-08,SA_EOA,GTUR,GAS,0.258898674,11.78947368,2,0.09242,0.09242,8652.72791,1887.309327,0,0.249169435,0.2559,0.6,0.500133246,,,,,,
62.6,Faras GT-09,SA_EOA,GTUR,GAS,0.198515448,11.78947368,2,0.05435,0.05435,8652.72791,1887.309327,0,0.239616613,0.2559,0.6,0.500133246,,,,,,
62.6,Faras GT-10,SA_EOA,GTUR,GAS,0.199570085,11.78947368,2,0.05435,0.05435,8652.72791,1887.309327,0,0.239616613,0.2559,0.6,0.500133246,,,,,,
62.6,Faras GT-11,SA_EOA,GTUR,GAS,0.202162512,11.78947368,2,0.05435,0.05435,8652.72791,1887.309327,0,0.239616613,0.2559,0.6,0.500133246,,,,,,
62.6,Faras GT-12,SA_EOA,GTUR,GAS,0.219060277,11.78947368,2,0.05435,0.05435,8652.72791,1887.309327,0,0.239616613,0.2559,0.6,0.500133246,,,,,,
62.6,Faras GT-13,SA_EOA,GTUR,GAS,0.20522013,11.78947368,2,0.37879,0.37879,8652.72791,1887.309327,0,0.239616613,0.2559,0.6,0.500133246,,,,,,
127,Faras GT-14,SA_EOA,GTUR,GAS,0.296304543,11.78947368,2,0.34722,0.34722,8652.72791,1887.309327,0,0.551181102,0.2559,0.6,0.500133246,,,,,,
127,Faras GT-15,SA_EOA,GTUR,GAS,0.296304543,11.78947368,2,0.11521,0.11521,8652.72791,1887.309327,0,0.551181102,0.2559,0.6,0.500133246,,,,,,
127,Faras GT-16,SA_EOA,GTUR,GAS,0.296304543,11.78947368,2,0.11628,0.11628,8652.72791,1887.309327,0,0.551181102,0.2559,0.6,0.500133246,,,,,,
127,Faras GT-17,SA_EOA,GTUR,GAS,0.296304543,11.78947368,2,0.14245,0.14245,8652.72791,1887.309327,0,0.551181102,0.2559,0.6,0.500133246,,,,,,
14,Uthmaniyah GT-01,SA_EOA,GTUR,GAS,0.17406825,11.78947368,10,0.12077,0.12077,8652.72791,1887.309327,0,0.714285714,0.2559,0.6,0.500133246,,,,,,
14.4,Uthmaniyah GT-03,SA_EOA,GTUR,GAS,0.166509884,11.78947368,10,0.12077,0.12077,8652.72791,1887.309327,0,0.694444444,0.2559,0.6,0.500133246,,,,,,
44.3,Uthmaniyah GT-04,SA_EOA,GTUR,GAS,0.184171595,11.78947368,10,0.11521,0.11521,8652.72791,1887.309327,0,0.225733634,0.2559,0.6,0.500133246,,,,,,
44.3,Uthmaniyah GT-05,SA_EOA,GTUR,GAS,0.184171595,11.78947368,10,0.11628,0.11628,8652.72791,1887.309327,0,0.225733634,0.2559,0.6,0.500133246,,,,,,
44.3,Uthmaniyah GT-06,SA_EOA,GTUR,GAS,0.184171595,11.78947368,10,0.14245,0.14245,8652.72791,1887.309327,0,0.225733634,0.2559,0.6,0.500133246,,,,,,
44.3,Uthmaniyah GT-07,SA_EOA,GTUR,GAS,0.184171595,11.78947368,10,0.12077,0.12077,8652.72791,1887.309327,0,0.225733634,0.2559,0.6,0.500133246,,,,,,
44.3,Uthmaniyah GT-08,SA_EOA,GTUR,GAS,0.184171595,11.78947368,10,0.12077,0.12077,8652.72791,1887.309327,0,0.225733634,0.2559,0.6,0.500133246,,,,,,
1000,SWCC-Jubail,SA_EOA,ICEN,GAS,0.287573437,0.8,2,0.5,0.5,900,1146.803507,0,0.525490196,0.4063,0.3,0.430043313,,,,,,
500,SWCC-Aziziah,SA_EOA,ICEN,GAS,0.287573437,0.8,2,0.5,0.5,900,1146.803507,0,0.525490196,0.4063,0.3,0.430043313,,,,,,
1500,SWCC-RAK,SA_EOA,ICEN,GAS,0.287573437,0.8,2,0.5,0.5,900,1146.803507,0,0.525490196,0.4063,0.3,0.430043313,,,,,,
2500,Saudi-Aramco,SA_EOA,ICEN,GAS,0.287573437,0.8,2,0.5,0.5,900,1146.803507,0,0.525490196,0.4063,0.3,0.430043313,,,,,,
250,SADAF-EOA,SA_EOA,ICEN,GAS,0.287573437,0.8,2,0.5,0.5,900,1146.803507,0,0.525490196,0.4063,0.3,0.430043313,,,,,,
2800,Marafiq-EOA,SA_EOA,ICEN,GAS,0.287573437,0.8,2,0.5,0.5,900,1146.803507,0,0.525490196,0.4063,0.3,0.430043313,,,,,,
3000,Qurrayah IPP,SA_EOA,ICEN,GAS,0.287573437,0.8,2,0.5,0.5,900,1146.803507,0,0.525490196,0.4063,0.3,0.430043313,,,,,,
150,Maaden-EOA,SA_EOA,ICEN,GAS,0.287573437,0.8,2,0.5,0.5,900,1146.803507,0,0.525490196,0.4063,0.3,0.430043313,,,,,,
10.5,Saudi Aramco North Park Project,SA_EOA,PHOT,SUN,1,0,0,0.548703336,0.548703336,0,0,0,0,0.9375,0.125,0,,,,,,
60.9855,HAIL 2 GT-01,SA_HAIL,GTUR,OIL,0.253457745,4,2,0.07344,0.07344,6458.016482,1146.803507,0,0.409933509,0.169,0.6,0.877038059,,,,,,
60.9855,HAIL 2 GT-02,SA_HAIL,GTUR,OIL,0.248832649,4,2,0.07344,0.07344,6458.016482,1146.803507,0,0.409933509,0.169,0.6,0.877038059,,,,,,
60.9855,HAIL 2 GT-03,SA_HAIL,GTUR,OIL,0.256955971,4,2,0.07344,0.07344,6458.016482,1146.803507,0,0.409933509,0.169,0.6,0.877038059,,,,,,
60.9855,HAIL 2 GT-04,SA_HAIL,GTUR,OIL,0.24909018,4,2,0.07344,0.07344,6458.016482,1146.803507,0,0.409933509,0.169,0.6,0.877038059,,,,,,
60.9855,HAIL 2 GT-05,SA_HAIL,GTUR,OIL,0.253696345,4,2,0.07344,0.07344,6458.016482,1146.803507,0,0.409933509,0.169,0.6,0.877038059,,,,,,
64.971,HAIL 2 GT-06,SA_HAIL,GTUR,OIL,0.252130981,4,2,0.09009,0.09009,6458.016482,1146.803507,0,0.384787059,0.169,0.6,0.877038059,,,,,,
80.156,HAIL 2 GT-07,SA_HAIL,GTUR,OIL,0.303294328,4,2,0.06349,0.06349,6458.016482,1146.803507,0,0.374270173,0.169,0.6,0.877038059,,,,,,
80.156,HAIL 2 GT-08,SA_HAIL,GTUR,OIL,0.302919164,4,2,0.06349,0.06349,6458.016482,1146.803507,0,0.374270173,0.169,0.6,0.877038059,,,,,,
80.0995,HAIL 2 GT-09,SA_HAIL,GTUR,OIL,0.301930983,4,2,0.06349,0.06349,6458.016482,1146.803507,0,0.374534173,0.169,0.6,0.877038059,,,,,,
80.0995,HAIL 2 GT-10,SA_HAIL,GTUR,OIL,0.308865544,4,2,0.06349,0.06349,6458.016482,1146.803507,0,0.374534173,0.169,0.6,0.877038059,,,,,,
80.0995,HAIL 2 GT-11,SA_HAIL,GTUR,OIL,0.305444045,4,2,0.06349,0.06349,6458.016482,1146.803507,0,0.374534173,0.169,0.6,0.877038059,,,,,,
80.0995,HAIL 2 GT-12,SA_HAIL,GTUR,OIL,0.33030065,4,2,0.06349,0.06349,6458.016482,1146.803507,0,0.374534173,0.169,0.6,0.877038059,,,,,,
23,Jouf GT-01,SA_NEOA,GTUR,OIL,0.201385014,13.14782609,2,0.13043,0.13043,6458.016482,1146.803507,0,0.52173913,0.169,0.6,0.877038059,,,,,,
23,Jouf GT-02,SA_NEOA,GTUR,OIL,0.203680493,13.14782609,2,0.13043,0.13043,6458.016482,1146.803507,0,0.52173913,0.169,0.6,0.877038059,,,,,,
23,Jouf GT-03,SA_NEOA,GTUR,OIL,0.199715215,13.14782609,2,0.13043,0.13043,6458.016482,1146.803507,0,0.52173913,0.169,0.6,0.877038059,,,,,,
23,Jouf GT-04,SA_NEOA,GTUR,OIL,0.201429499,13.14782609,2,0.13043,0.13043,6458.016482,1146.803507,0,0.52173913,0.169,0.6,0.877038059,,,,,,
23,Jouf GT-05,SA_NEOA,GTUR,OIL,0.202829134,13.14782609,2,0.13043,0.13043,6458.016482,1146.803507,0,0.52173913,0.169,0.6,0.877038059,,,,,,
24,Jouf GT-06,SA_NEOA,GTUR,OIL,0.202306085,13.14782609,2,0.125,0.125,6458.016482,1146.803507,0,0.5,0.169,0.6,0.877038059,,,,,,
24,Jouf GT-07,SA_NEOA,GTUR,OIL,0.201515607,13.14782609,2,0.125,0.125,6458.016482,1146.803507,0,0.5,0.169,0.6,0.877038059,,,,,,
60,Jouf GT-08,SA_NEOA,GTUR,OIL,0.284490587,13.14782609,2,0.1,0.1,6458.016482,1146.803507,0,0.5,0.169,0.6,0.877038059,,,,,,
60,Jouf GT-09,SA_NEOA,GTUR,OIL,0.290201982,13.14782609,2,0.1,0.1,6458.016482,1146.803507,0,0.5,0.169,0.6,0.877038059,,,,,,
60,Jouf GT-10,SA_NEOA,GTUR,OIL,0.2860136,13.14782609,2,0.1,0.1,6458.016482,1146.803507,0,0.5,0.169,0.6,0.877038059,,,,,,
15,Arar GT-01,SA_NEOA,GTUR,DSL,0.218087556,0.044117647,2,0.55556,1.11111,6458.016482,1146.803507,0,0.533333333,0.169,0.6,0.870213776,,,,,,
15,Arar GT-02,SA_NEOA,GTUR,DSL,0.217603801,0.044117647,2,0.55556,1.11111,6458.016482,1146.803507,0,0.533333333,0.169,0.6,0.870213776,,,,,,
15,Arar GT-03,SA_NEOA,GTUR,DSL,0.217176984,0.044117647,2,0.55556,1.11111,6458.016482,1146.803507,0,0.533333333,0.169,0.6,0.870213776,,,,,,
18,Arar GT-04,SA_NEOA,GTUR,DSL,0.217824392,0.044117647,2,0.66667,1.11111,6458.016482,1146.803507,0,0.444444444,0.169,0.6,0.870213776,,,,,,
18,Arar GT-05,SA_NEOA,GTUR,DSL,0.217355347,0.044117647,2,0.66667,1.11111,6458.016482,1146.803507,0,0.444444444,0.169,0.6,0.870213776,,,,,,
18,Arar GT-06,SA_NEOA,GTUR,DSL,0.218117342,0.044117647,2,0.66667,1.11111,6458.016482,1146.803507,0,0.444444444,0.169,0.6,0.870213776,,,,,,
60,Arar GT-07,SA_NEOA,GTUR,DSL,0.277432813,0.044117647,2,0.58333,0.75,6458.016482,1146.803507,0,0.5,0.169,0.6,0.870213776,,,,,,
60,Arar GT-08,SA_NEOA,GTUR,DSL,0.279456453,0.044117647,2,0.58333,0.75,6458.016482,1146.803507,0,0.5,0.169,0.6,0.870213776,,,,,,
75,Arar GT-09,SA_NEOA,GTUR,DSL,0.281546505,0.044117647,2,0.58333,0.75,6458.016482,1146.803507,0,0.533333333,0.169,0.6,0.870213776,,,,,,
75,Arar GT-10,SA_NEOA,GTUR,DSL,0.28392074,0.044117647,2,0.58333,0.75,6458.016482,1146.803507,0,0.533333333,0.169,0.6,0.870213776,,,,,,
36,Al Wajh Gas Turbine Power Plant,SA_NWOA,GTUR,DSL,0.286328889,0.044117647,2.352941176,0.153202353,0.183607574,6458.016482,1146.803507,0,0.464635135,0.169,0.6,0.870213776,,,,,,
30,Al Wajh Internal Combustion Power Plant,SA_NWOA,ICEN,DSL,0.347133106,0.8,2,0.242652,0.242652,900,1146.803507,0,0.525490196,0.4063,0.3,0.599434667,,,,,,
1800,Dhuba IPP 2 Power Project,SA_NWOA,STUR,OIL,0.315377055,48,48,0.016824167,0.016824167,29508.53003,186.1603718,0,0.3,0.362627907,4.395348837,0.675536431,,,,,,
162,Duba Gas Turbine Power Plant,SA_NWOA,GTUR,OIL,0.255808524,13.14782609,7.2,0.075454652,0.076832913,6458.016482,1146.803507,0,0.436622101,0.169,0.6,0.877038059,,,,,,
1.1,Saudi Aramco Soitec Solar CPV Park,SA_NWOA,CPV,SUN,1,0,0,0.548703336,0.548703336,0,0,0,0,0.9375,0.125,0,,,,,,
568,Tabuk Gas Turbine Power Plant,SA_NWOA,GTUR,DSL,0.225863718,0.044117647,2.352941176,0.153202353,0.183607574,6458.016482,1146.803507,0,0.464635135,0.169,0.6,0.870213776,,,,,,
34.2,Tabuk Internal Combustion Power Plant,SA_NWOA,ICEN,DSL,0.347133106,0.8,2,0.242652,0.242652,900,1146.803507,0,0.525490196,0.4063,0.3,0.599434667,,,,,,
59.323,QPP3 GT-01,SA_QASSIM,GTUR,OIL,0.249277522,13.14782609,2,0.0472,0.0472,6458.016482,1146.803507,0,0.370851103,0.169,0.6,0.877038059,,,,,,
59.323,QPP3 GT-02,SA_QASSIM,GTUR,OIL,0.24911027,13.14782609,2,0.0472,0.0472,6458.016482,1146.803507,0,0.370851103,0.169,0.6,0.877038059,,,,,,
59.323,QPP3 GT-03,SA_QASSIM,GTUR,OIL,0.243794305,13.14782609,2,0.0472,0.0472,6458.016482,1146.803507,0,0.370851103,0.169,0.6,0.877038059,,,,,,
59.323,QPP3 GT-04,SA_QASSIM,GTUR,OIL,0.25003141,13.14782609,2,0.0472,0.0472,6458.016482,1146.803507,0,0.370851103,0.169,0.6,0.877038059,,,,,,
59.323,QPP3 GT-05,SA_QASSIM,GTUR,OIL,0.234484849,13.14782609,2,0.0472,0.0472,6458.016482,1146.803507,0,0.370851103,0.169,0.6,0.877038059,,,,,,
59.323,QPP3 GT-06,SA_QASSIM,GTUR,OIL,0.232771243,13.14782609,2,0.0472,0.0472,6458.016482,1146.803507,0,0.370851103,0.169,0.6,0.877038059,,,,,,
59.323,QPP3 GT-07,SA_QASSIM,GTUR,OIL,0.21880017,13.14782609,2,0.0472,0.0472,6458.016482,1146.803507,0,0.370851103,0.169,0.6,0.877038059,,,,,,
59.323,QPP3 GT-08,SA_QASSIM,GTUR,OIL,0.221557586,13.14782609,2,0.0472,0.0472,6458.016482,1146.803507,0,0.370851103,0.169,0.6,0.877038059,,,,,,
59.323,QPP3 GT-09,SA_QASSIM,GTUR,OIL,0.213904553,13.14782609,2,0.0472,0.0472,6458.016482,1146.803507,0,0.370851103,0.169,0.6,0.877038059,,,,,,
63.25,QPP3 GT-10,SA_QASSIM,GTUR,OIL,0.267449154,13.14782609,2,0.06133,0.07009,6458.016482,1146.803507,0,0.395256917,0.169,0.6,0.877038059,,,,,,
63.25,QPP3 GT-11,SA_QASSIM,GTUR,OIL,0.279970411,13.14782609,2,0.06133,0.07009,6458.016482,1146.803507,0,0.395256917,0.169,0.6,0.877038059,,,,,,
63.25,QPP3 GT-12,SA_QASSIM,GTUR,OIL,0.273382682,13.14782609,2,0.06133,0.07009,6458.016482,1146.803507,0,0.395256917,0.169,0.6,0.877038059,,,,,,
63.25,QPP3 GT-13,SA_QASSIM,GTUR,OIL,0.275973931,13.14782609,2,0.06133,0.07009,6458.016482,1146.803507,0,0.395256917,0.169,0.6,0.877038059,,,,,,
63.25,QPP3 GT-14,SA_QASSIM,GTUR,OIL,0.27319967,13.14782609,2,0.06133,0.07009,6458.016482,1146.803507,0,0.395256917,0.169,0.6,0.877038059,,,,,,
63.25,QPP3 GT-15,SA_QASSIM,GTUR,OIL,0.265966244,13.14782609,2,0.06133,0.07009,6458.016482,1146.803507,0,0.395256917,0.169,0.6,0.877038059,,,,,,
70.4855,QPP3 GT-16,SA_QASSIM,GTUR,OIL,0.300534059,13.14782609,2,0.0625,0.07143,6458.016482,1146.803507,0,0.354682878,0.169,0.6,0.877038059,,,,,,
70.4855,QPP3 GT-17,SA_QASSIM,GTUR,OIL,0.301969958,13.14782609,2,0.0625,0.07143,6458.016482,1146.803507,0,0.354682878,0.169,0.6,0.877038059,,,,,,
70.4855,QPP3 GT-18,SA_QASSIM,GTUR,OIL,0.303608585,13.14782609,2,0.0625,0.07143,6458.016482,1146.803507,0,0.354682878,0.169,0.6,0.877038059,,,,,,
70.4855,QPP3 GT-19,SA_QASSIM,GTUR,OIL,0.298719053,13.14782609,2,0.0625,0.07143,6458.016482,1146.803507,0,0.354682878,0.169,0.6,0.877038059,,,,,,
70.4855,QPP3 GT-20,SA_QASSIM,GTUR,OIL,0.295793536,13.14782609,2,0.0625,0.07143,6458.016482,1146.803507,0,0.425619454,0.169,0.6,0.877038059,,,,,,
70.4855,QPP3 GT-21,SA_QASSIM,GTUR,OIL,0.297728814,13.14782609,2,0.0625,0.07143,6458.016482,1146.803507,0,0.425619454,0.169,0.6,0.877038059,,,,,,
70.4855,QPP3 GT-22,SA_QASSIM,GTUR,OIL,0.297676878,13.14782609,2,0.0625,0.07143,6458.016482,1146.803507,0,0.425619454,0.169,0.6,0.877038059,,,,,,
70.4855,QPP3 GT-23,SA_QASSIM,GTUR,OIL,0.298040811,13.14782609,2,0.0625,0.07143,6458.016482,1146.803507,0,0.425619454,0.169,0.6,0.877038059,,,,,,
70.4855,QPP3 GT-24,SA_QASSIM,GTUR,OIL,0.295307254,13.14782609,2,0.0625,0.07143,6458.016482,1146.803507,0,0.425619454,0.169,0.6,0.877038059,,,,,,
70.4855,QPP3 GT-25,SA_QASSIM,GTUR,OIL,0.297003355,13.14782609,2,0.0625,0.07143,6458.016482,1146.803507,0,0.425619454,0.169,0.6,0.877038059,,,,,,
70.4855,QPP3 GT-26,SA_QASSIM,GTUR,OIL,0.308716687,13.14782609,2,0.0625,0.07143,6458.016482,1146.803507,0,0.425619454,0.169,0.6,0.877038059,,,,,,
70.4855,QPP3 GT-27,SA_QASSIM,GTUR,OIL,0.298771353,13.14782609,2,0.0625,0.07143,6458.016482,1146.803507,0,0.425619454,0.169,0.6,0.877038059,,,,,,
18.1625,QPP2 GT-01,SA_QASSIM,GTUR,DSL,0.191199752,0.044117647,2,0.23923,0.23923,6458.016482,1146.803507,0,0.440467997,0.169,0.6,0.870213776,,,,,,
18.1625,QPP2 GT-02,SA_QASSIM,GTUR,DSL,0.190827785,0.044117647,2,0.23923,0.23923,6458.016482,1146.803507,0,0.440467997,0.169,0.6,0.870213776,,,,,,
18.1625,QPP2 GT-03,SA_QASSIM,GTUR,DSL,0.193984038,0.044117647,2,0.23923,0.23923,6458.016482,1146.803507,0,0.440467997,0.169,0.6,0.870213776,,,,,,
18.1625,QPP2 GT-04,SA_QASSIM,GTUR,DSL,0.193814258,0.044117647,2,0.23923,0.23923,6458.016482,1146.803507,0,0.440467997,0.169,0.6,0.870213776,,,,,,
18.1625,QPP2 GT-05,SA_QASSIM,GTUR,DSL,0.193177624,0.044117647,2,0.23923,0.23923,6458.016482,1146.803507,0,0.440467997,0.169,0.6,0.870213776,,,,,,
172,PP12 GT-01,SA_RIYADH,GTUR,GAS,0.367360842,48,48,0.10376,0.10376,8652.72791,1887.309327,0,0.581395349,0.2559,0.6,0.500133246,,,,,,
172,PP12 GT-02,SA_RIYADH,GTUR,GAS,0.367360842,48,48,0.10376,0.10376,8652.72791,1887.309327,0,0.581395349,0.2559,0.6,0.500133246,,,,,,
172,PP12 GT-03,SA_RIYADH,GTUR,GAS,0.367360842,48,48,0.10376,0.10376,8652.72791,1887.309327,0,0.581395349,0.2559,0.6,0.500133246,,,,,,
172,PP12 GT-04,SA_RIYADH,GTUR,GAS,0.367360842,48,48,0.10376,0.10376,8652.72791,1887.309327,0,0.581395349,0.2559,0.6,0.500133246,,,,,,
172,PP12 GT-05,SA_RIYADH,GTUR,GAS,0.367360842,48,48,0.10376,0.10376,8652.72791,1887.309327,0,0.581395349,0.2559,0.6,0.500133246,,,,,,
172,PP12 GT-06,SA_RIYADH,GTUR,GAS,0.367360842,48,48,0.10376,0.10376,8652.72791,1887.309327,0,0.581395349,0.2559,0.6,0.500133246,,,,,,
172,PP12 GT-07,SA_RIYADH,GTUR,GAS,0.367360842,48,48,0.10376,0.10376,8652.72791,1887.309327,0,0.581395349,0.2559,0.6,0.500133246,,,,,,
172,PP12 GT-08,SA_RIYADH,GTUR,GAS,0.367360842,48,48,0.10376,0.10376,8652.72791,1887.309327,0,0.581395349,0.2559,0.6,0.500133246,,,,,,
1028,PP12 CC-1,SA_RIYADH,COMC,GAS,0.532673221,48,48,0.01,0.01,102145.4075,340.0637477,0,0.583657588,0.512153671,0.874125874,0.346067311,,,,,,
1028,PP12 CC-2,SA_RIYADH,COMC,GAS,0.532673221,48,48,0.01,0.01,102145.4075,340.0637477,0,0.583657588,0.512153671,0.874125874,0.346067311,,,,,,
70.38,PP10 GT-01,SA_RIYADH,GTUR,OIL,0.30490598,48,48,0.10376,0.10376,6458.016482,1146.803507,0,0.42625746,0.169,0.6,0.877038059,,,,,,
70.399,PP10 GT-02,SA_RIYADH,GTUR,OIL,0.30655048,48,48,0.10376,0.10376,6458.016482,1146.803507,0,0.426142417,0.169,0.6,0.877038059,,,,,,
70.4075,PP10 GT-03,SA_RIYADH,GTUR,OIL,0.302955722,48,48,0.10376,0.10376,6458.016482,1146.803507,0,0.42609097,0.169,0.6,0.877038059,,,,,,
70.441,PP10 GT-04,SA_RIYADH,GTUR,OIL,0.300711719,48,48,0.10376,0.10376,6458.016482,1146.803507,0,0.425888332,0.169,0.6,0.877038059,,,,,,
70.378,PP10 GT-05,SA_RIYADH,GTUR,OIL,0.301936443,48,2,0.10376,0.10376,6458.016482,1146.803507,0,0.426269573,0.169,0.6,0.877038059,,,,,,
70.424,PP10 GT-06,SA_RIYADH,GTUR,OIL,0.296141859,48,2,0.10376,0.10376,6458.016482,1146.803507,0,0.425991139,0.169,0.6,0.877038059,,,,,,
70.4065,PP10 GT-07,SA_RIYADH,GTUR,OIL,0.299944703,48,2,0.10376,0.10376,6458.016482,1146.803507,0,0.426097022,0.169,0.6,0.877038059,,,,,,
70.399,PP10 GT-08,SA_RIYADH,GTUR,OIL,0.299286616,48,2,0.10376,0.10376,6458.016482,1146.803507,0,0.426142417,0.169,0.6,0.877038059,,,,,,
70.3815,PP10 GT-09,SA_RIYADH,GTUR,OIL,0.306771088,48,2,0.10376,0.10376,6458.016482,1146.803507,0,0.426248375,0.169,0.6,0.877038059,,,,,,
70.4125,PP10 GT-10,SA_RIYADH,GTUR,OIL,0.308603291,48,2,0.10376,0.10376,6458.016482,1146.803507,0,0.426060714,0.169,0.6,0.877038059,,,,,,
70.3665,PP10 GT-11,SA_RIYADH,GTUR,OIL,0.304361728,48,2,0.10376,0.10376,6458.016482,1146.803507,0,0.426339238,0.169,0.6,0.877038059,,,,,,
70.41,PP10 GT-12,SA_RIYADH,GTUR,OIL,0.303252062,48,2,0.10376,0.10376,6458.016482,1146.803507,0,0.426075841,0.169,0.6,0.877038059,,,,,,
70.4385,PP10 GT-13,SA_RIYADH,GTUR,OIL,0.300340946,48,2,0.10376,0.10376,6458.016482,1146.803507,0,0.425903448,0.169,0.6,0.877038059,,,,,,
70.395,PP10 GT-14,SA_RIYADH,GTUR,OIL,0.30309035,48,2,0.10376,0.10376,6458.016482,1146.803507,0,0.426166631,0.169,0.6,0.877038059,,,,,,
70.4115,PP10 GT-15,SA_RIYADH,GTUR,OIL,0.302633102,48,2,0.10376,0.10376,6458.016482,1146.803507,0,0.426066765,0.169,0.6,0.877038059,,,,,,
70.363,PP10 GT-16,SA_RIYADH,GTUR,OIL,0.297666955,48,2,0.10376,0.10376,6458.016482,1146.803507,0,0.426360445,0.169,0.6,0.877038059,,,,,,
70.357,PP10 GT-17,SA_RIYADH,GTUR,OIL,0.298370132,48,2,0.10376,0.10376,6458.016482,1146.803507,0,0.426396805,0.169,0.6,0.877038059,,,,,,
70.359,PP10 GT-18,SA_RIYADH,GTUR,OIL,0.30063219,48,2,0.10376,0.10376,6458.016482,1146.803507,0,0.426384684,0.169,0.6,0.877038059,,,,,,
70.379,PP10 GT-19,SA_RIYADH,GTUR,OIL,0.298866954,48,2,0.10376,0.10376,6458.016482,1146.803507,0,0.426263516,0.169,0.6,0.877038059,,,,,,
70.357,PP10 GT-20,SA_RIYADH,GTUR,OIL,0.301109992,48,2,0.10376,0.10376,6458.016482,1146.803507,0,0.426396805,0.169,0.6,0.877038059,,,,,,
70.418,PP10 GT-21,SA_RIYADH,GTUR,OIL,0.301322836,48,2,0.10376,0.10376,6458.016482,1146.803507,0,0.426027436,0.169,0.6,0.877038059,,,,,,
70.361,PP10 GT-22,SA_RIYADH,GTUR,OIL,0.29591059,48,2,0.10376,0.10376,6458.016482,1146.803507,0,0.426372564,0.169,0.6,0.877038059,,,,,,
70.404,PP10 GT-23,SA_RIYADH,GTUR,OIL,0.306412761,48,2,0.10376,0.10376,6458.016482,1146.803507,0,0.426112153,0.169,0.6,0.877038059,,,,,,
70.411,PP10 GT-24,SA_RIYADH,GTUR,OIL,0.300050266,48,2,0.10376,0.10376,6458.016482,1146.803507,0,0.42606979,0.169,0.6,0.877038059,,,,,,
70.367,PP10 GT-25,SA_RIYADH,GTUR,OIL,0.303521965,48,2,0.10376,0.10376,6458.016482,1146.803507,0,0.426336209,0.169,0.6,0.877038059,,,,,,
70.407,PP10 GT-26,SA_RIYADH,GTUR,OIL,0.303413946,48,2,0.10376,0.10376,6458.016482,1146.803507,0,0.426093996,0.169,0.6,0.877038059,,,,,,
70.424,PP10 GT-27,SA_RIYADH,GTUR,OIL,0.301030253,48,2,0.10376,0.10376,6458.016482,1146.803507,0,0.425991139,0.169,0.6,0.877038059,,,,,,
70.417,PP10 GT-28,SA_RIYADH,GTUR,OIL,0.298474588,48,2,0.10376,0.10376,6458.016482,1146.803507,0,0.426033486,0.169,0.6,0.877038059,,,,,,
70.4135,PP10 GT-29,SA_RIYADH,GTUR,OIL,0.300129486,48,2,0.10376,0.10376,6458.016482,1146.803507,0,0.426054663,0.169,0.6,0.877038059,,,,,,
70.4365,PP10 GT-30,SA_RIYADH,GTUR,OIL,0.293658137,48,2,0.10376,0.10376,6458.016482,1146.803507,0,0.425915541,0.169,0.6,0.877038059,,,,,,
70.3655,PP10 GT-31,SA_RIYADH,GTUR,OIL,0.295977436,48,2,0.10376,0.10376,6458.016482,1146.803507,0,0.426345297,0.169,0.6,0.877038059,,,,,,
70.4375,PP10 GT-32,SA_RIYADH,GTUR,OIL,0.296028821,48,2,0.10376,0.10376,6458.016482,1146.803507,0,0.425909494,0.169,0.6,0.877038059,,,,,,
75.058,PP10 GT-33,SA_RIYADH,GTUR,OIL,0.300039779,48,2,0.10376,0.10376,6458.016482,1146.803507,0,0.399690906,0.169,0.6,0.877038059,,,,,,
75.0155,PP10 GT-34,SA_RIYADH,GTUR,OIL,0.305277261,48,2,0.10376,0.10376,6458.016482,1146.803507,0,0.39991735,0.169,0.6,0.877038059,,,,,,
75.0755,PP10 GT-35,SA_RIYADH,GTUR,OIL,0.299539053,48,2,0.10376,0.10376,6458.016482,1146.803507,0,0.399597738,0.169,0.6,0.877038059,,,,,,
75.0545,PP10 GT-36,SA_RIYADH,GTUR,OIL,0.302006039,48,2,0.10376,0.10376,6458.016482,1146.803507,0,0.399709544,0.169,0.6,0.877038059,,,,,,
75.049,PP10 GT-37,SA_RIYADH,GTUR,OIL,0.300436274,48,2,0.10376,0.10376,6458.016482,1146.803507,0,0.399738837,0.169,0.6,0.877038059,,,,,,
75.061,PP10 GT-38,SA_RIYADH,GTUR,OIL,0.29940756,48,2,0.10376,0.10376,6458.016482,1146.803507,0,0.399674931,0.169,0.6,0.877038059,,,,,,
75.0175,PP10 GT-39,SA_RIYADH,GTUR,OIL,0.30027755,48,2,0.10376,0.10376,6458.016482,1146.803507,0,0.399906688,0.169,0.6,0.877038059,,,,,,
75.02,PP10 GT-40,SA_RIYADH,GTUR,OIL,0.298411978,48,2,0.10376,0.10376,6458.016482,1146.803507,0,0.399893362,0.169,0.6,0.877038059,,,,,,
318,PP10 CC-01,SA_RIYADH,COMC,OIL,0.36800986,5,48,0.01,0.01,17500,340.0637477,0,0.534591195,0.4793,0.874125874,0.522475425,,,,,,
318,PP10 CC-02,SA_RIYADH,COMC,OIL,0.363231304,48,48,0.01,0.01,17500,340.0637477,0,0.534591195,0.4793,0.874125874,0.522475425,,,,,,
318,PP10 CC-03,SA_RIYADH,COMC,OIL,0.370116417,48,48,0.01,0.01,17500,340.0637477,0,0.534591195,0.4793,0.874125874,0.522475425,,,,,,
318,PP10 CC-04,SA_RIYADH,COMC,OIL,0.364955183,48,48,0.01,0.01,17500,340.0637477,0,0.534591195,0.4793,0.874125874,0.522475425,,,,,,
318,PP10 CC-05,SA_RIYADH,COMC,OIL,0.363690827,48,48,0.01,0.01,17500,340.0637477,0,0.534591195,0.4793,0.874125874,0.522475425,,,,,,
318,PP10 CC-06,SA_RIYADH,COMC,OIL,0.364912421,5,48,0.01,0.01,17500,340.0637477,0,0.534591195,0.4793,0.874125874,0.522475425,,,,,,
318,PP10 CC-07,SA_RIYADH,COMC,OIL,0.365683671,48,48,0.01,0.01,17500,340.0637477,0,0.534591195,0.4793,0.874125874,0.522475425,,,,,,
318,PP10 CC-08,SA_RIYADH,COMC,OIL,0.364265092,48,48,0.01,0.01,17500,340.0637477,0,0.534591195,0.4793,0.874125874,0.522475425,,,,,,
318,PP10 CC-09,SA_RIYADH,COMC,OIL,0.371507154,48,48,0.01,0.01,17500,340.0637477,0,0.534591195,0.4793,0.874125874,0.522475425,,,,,,
318,PP10 CC-10,SA_RIYADH,COMC,OIL,0.369216914,48,48,0.01,0.01,17500,340.0637477,0,0.534591195,0.4793,0.874125874,0.522475425,,,,,,
68.397,PP9 GT-01,SA_RIYADH,GTUR,GAS,0.292107616,48,48,0.06,0.06,8652.72791,1887.309327,0,0.438615729,0.2559,0.6,0.500133246,,,,,,
68.397,PP9 GT-02,SA_RIYADH,GTUR,GAS,0.292107616,48,48,0.06,0.06,8652.72791,1887.309327,0,0.438615729,0.2559,0.6,0.500133246,,,,,,
68.397,PP9 GT-03,SA_RIYADH,GTUR,GAS,0.292107616,48,48,0.06,0.06,8652.72791,1887.309327,0,0.438615729,0.2559,0.6,0.500133246,,,,,,
68.397,PP9 GT-04,SA_RIYADH,GTUR,GAS,0.292107616,48,48,0.06,0.06,8652.72791,1887.309327,0,0.438615729,0.2559,0.6,0.500133246,,,,,,
68.397,PP9 GT-05,SA_RIYADH,GTUR,GAS,0.292107616,48,48,0.06,0.06,8652.72791,1887.309327,0,0.438615729,0.2559,0.6,0.500133246,,,,,,
68.397,PP9 GT-06,SA_RIYADH,GTUR,GAS,0.292107616,48,48,0.06,0.06,8652.72791,1887.309327,0,0.438615729,0.2559,0.6,0.500133246,,,,,,
68.397,PP9 GT-07,SA_RIYADH,GTUR,GAS,0.292107616,48,48,0.06,0.06,8652.72791,1887.309327,0,0.438615729,0.2559,0.6,0.500133246,,,,,,
68.397,PP9 GT-08,SA_RIYADH,GTUR,GAS,0.292107616,48,48,0.06,0.06,8652.72791,1887.309327,0,0.438615729,0.2559,0.6,0.500133246,,,,,,
68.397,PP9 GT-09,SA_RIYADH,GTUR,GAS,0.292107616,48,48,0.06,0.06,8652.72791,1887.309327,0,0.438615729,0.2559,0.6,0.500133246,,,,,,
68.397,PP9 GT-10,SA_RIYADH,GTUR,GAS,0.292107616,48,48,0.06,0.06,8652.72791,1887.309327,0,0.438615729,0.2559,0.6,0.500133246,,,,,,
68.397,PP9 GT-11,SA_RIYADH,GTUR,GAS,0.292107616,48,48,0.06,0.06,8652.72791,1887.309327,0,0.438615729,0.2559,0.6,0.500133246,,,,,,
68.397,PP9 GT-12,SA_RIYADH,GTUR,GAS,0.292107616,48,48,0.06,0.06,8652.72791,1887.309327,0,0.438615729,0.2559,0.6,0.500133246,,,,,,
68.397,PP9 GT-13,SA_RIYADH,GTUR,GAS,0.292107616,48,48,0.06,0.06,8652.72791,1887.309327,0,0.438615729,0.2559,0.6,0.500133246,,,,,,
68.397,PP9 GT-14,SA_RIYADH,GTUR,GAS,0.292107616,48,48,0.06,0.06,8652.72791,1887.309327,0,0.438615729,0.2559,0.6,0.500133246,,,,,,
68.397,PP9 GT-15,SA_RIYADH,GTUR,GAS,0.292107616,48,48,0.06,0.06,8652.72791,1887.309327,0,0.438615729,0.2559,0.6,0.500133246,,,,,,
68.397,PP9 GT-16,SA_RIYADH,GTUR,GAS,0.292107616,48,48,0.06,0.06,8652.72791,1887.309327,0,0.438615729,0.2559,0.6,0.500133246,,,,,,
372,PP9 CC-1,SA_RIYADH,COMC,GAS,0.748601906,48,48,0.1,0.1,102145.4075,340.0637477,0,0.430107527,0.512153671,0.874125874,0.346067311,,,,,,
372,PP9 CC-2,SA_RIYADH,COMC,GAS,0.886957336,48,48,0.1,0.1,102145.4075,340.0637477,0,0.430107527,0.512153671,0.874125874,0.346067311,,,,,,
372,PP9 CC-3,SA_RIYADH,COMC,GAS,0.83496271,48,48,0.1,0.1,102145.4075,340.0637477,0,0.430107527,0.512153671,0.874125874,0.346067311,,,,,,
372,PP9 CC-4,SA_RIYADH,COMC,GAS,0.910492088,48,48,0.1,0.1,102145.4075,340.0637477,0,0.430107527,0.512153671,0.874125874,0.346067311,,,,,,
74,PP9 GT-17,SA_RIYADH,GTUR,GAS,0.297620098,11.78947368,2,0.06,0.06,8652.72791,1887.309327,0,0.405405405,0.2559,0.6,0.500133246,,,,,,
74,PP9 GT-18,SA_RIYADH,GTUR,GAS,0.291045106,11.78947368,2,0.06,0.06,8652.72791,1887.309327,0,0.405405405,0.2559,0.6,0.500133246,,,,,,
74,PP9 GT-19,SA_RIYADH,GTUR,GAS,0.291020283,11.78947368,2,0.06,0.06,8652.72791,1887.309327,0,0.405405405,0.2559,0.6,0.500133246,,,,,,
74,PP9 GT-20,SA_RIYADH,GTUR,GAS,0.294537218,11.78947368,2,0.06,0.06,8652.72791,1887.309327,0,0.405405405,0.2559,0.6,0.500133246,,,,,,
74,PP9 GT-21,SA_RIYADH,GTUR,GAS,0.290425795,11.78947368,2,0.06,0.06,8652.72791,1887.309327,0,0.405405405,0.2559,0.6,0.500133246,,,,,,
74,PP9 GT-22,SA_RIYADH,GTUR,GAS,0.294715298,11.78947368,2,0.06,0.06,8652.72791,1887.309327,0,0.405405405,0.2559,0.6,0.500133246,,,,,,
74,PP9 GT-23,SA_RIYADH,GTUR,GAS,0.293725874,11.78947368,2,0.06,0.06,8652.72791,1887.309327,0,0.405405405,0.2559,0.6,0.500133246,,,,,,
74,PP9 GT-24,SA_RIYADH,GTUR,GAS,0.297153559,11.78947368,2,0.06,0.06,8652.72791,1887.309327,0,0.405405405,0.2559,0.6,0.500133246,,,,,,
68.4855,PP9 GT-25,SA_RIYADH,GTUR,OIL,0.295425452,13.14782609,2,0.06,0.06,6458.016482,1146.803507,0,0.43804893,0.169,0.6,0.877038059,,,,,,
68.4855,PP9 GT-26,SA_RIYADH,GTUR,OIL,0.298031634,13.14782609,2,0.06,0.06,6458.016482,1146.803507,0,0.43804893,0.169,0.6,0.877038059,,,,,,
68.4855,PP9 GT-27,SA_RIYADH,GTUR,OIL,0.29709744,13.14782609,2,0.06,0.06,6458.016482,1146.803507,0,0.43804893,0.169,0.6,0.877038059,,,,,,
68.4855,PP9 GT-28,SA_RIYADH,GTUR,OIL,0.290396902,13.14782609,2,0.06,0.06,6458.016482,1146.803507,0,0.43804893,0.169,0.6,0.877038059,,,,,,
68.4855,PP9 GT-29,SA_RIYADH,GTUR,OIL,0.297045712,13.14782609,2,0.06,0.06,6458.016482,1146.803507,0,0.43804893,0.169,0.6,0.877038059,,,,,,
68.4855,PP9 GT-30,SA_RIYADH,GTUR,OIL,0.297382266,13.14782609,2,0.06,0.06,6458.016482,1146.803507,0,0.43804893,0.169,0.6,0.877038059,,,,,,
68.4855,PP9 GT-31,SA_RIYADH,GTUR,OIL,0.298631561,13.14782609,2,0.06,0.06,6458.016482,1146.803507,0,0.43804893,0.169,0.6,0.877038059,,,,,,
68.4855,PP9 GT-32,SA_RIYADH,GTUR,OIL,0.29614338,13.14782609,2,0.06,0.06,6458.016482,1146.803507,0,0.43804893,0.169,0.6,0.877038059,,,,,,
68.4855,PP9 GT-33,SA_RIYADH,GTUR,OIL,0.295758343,13.14782609,2,0.06,0.06,6458.016482,1146.803507,0,0.43804893,0.169,0.6,0.877038059,,,,,,
68.4855,PP9 GT-34,SA_RIYADH,GTUR,OIL,0.29709744,13.14782609,2,0.06,0.06,6458.016482,1146.803507,0,0.43804893,0.169,0.6,0.877038059,,,,,,
68.4855,PP9 GT-35,SA_RIYADH,GTUR,OIL,0.299944121,13.14782609,2,0.06,0.06,6458.016482,1146.803507,0,0.43804893,0.169,0.6,0.877038059,,,,,,
68.4855,PP9 GT-36,SA_RIYADH,GTUR,OIL,0.298893153,13.14782609,2,0.06,0.06,6458.016482,1146.803507,0,0.43804893,0.169,0.6,0.877038059,,,,,,
68.4855,PP9 GT-37,SA_RIYADH,GTUR,OIL,0.296606751,13.14782609,2,0.06,0.06,6458.016482,1146.803507,0,0.43804893,0.169,0.6,0.877038059,,,,,,
68.4855,PP9 GT-38,SA_RIYADH,GTUR,OIL,0.295374305,13.14782609,2,0.06,0.06,6458.016482,1146.803507,0,0.43804893,0.169,0.6,0.877038059,,,,,,
68.4855,PP9 GT-39,SA_RIYADH,GTUR,OIL,0.297408187,13.14782609,2,0.06,0.06,6458.016482,1146.803507,0,0.43804893,0.169,0.6,0.877038059,,,,,,
68.4855,PP9 GT-40,SA_RIYADH,GTUR,OIL,0.295963571,13.14782609,2,0.06,0.06,6458.016482,1146.803507,0,0.43804893,0.169,0.6,0.877038059,,,,,,
68.4855,PP9 GT-41,SA_RIYADH,GTUR,OIL,0.296349144,13.14782609,2,0.06,0.06,6458.016482,1146.803507,0,0.43804893,0.169,0.6,0.877038059,,,,,,
68.4855,PP9 GT-42,SA_RIYADH,GTUR,OIL,0.298266101,13.14782609,2,0.06,0.06,6458.016482,1146.803507,0,0.43804893,0.169,0.6,0.877038059,,,,,,
68.4855,PP9 GT-43,SA_RIYADH,GTUR,OIL,0.296838981,13.14782609,2,0.06,0.06,6458.016482,1146.803507,0,0.43804893,0.169,0.6,0.877038059,,,,,,
68.4855,PP9 GT-44,SA_RIYADH,GTUR,OIL,0.298344338,13.14782609,2,0.06,0.06,6458.016482,1146.803507,0,0.43804893,0.169,0.6,0.877038059,,,,,,
68.4855,PP9 GT-45,SA_RIYADH,GTUR,OIL,0.296374885,13.14782609,2,0.06,0.06,6458.016482,1146.803507,0,0.43804893,0.169,0.6,0.877038059,,,,,,
68.4855,PP9 GT-46,SA_RIYADH,GTUR,OIL,0.297849525,13.14782609,2,0.06,0.06,6458.016482,1146.803507,0,0.43804893,0.169,0.6,0.877038059,,,,,,
68.4855,PP9 GT-47,SA_RIYADH,GTUR,OIL,0.29824003,13.14782609,2,0.06,0.06,6458.016482,1146.803507,0,0.43804893,0.169,0.6,0.877038059,,,,,,
68.4855,PP9 GT-48,SA_RIYADH,GTUR,OIL,0.29897172,13.14782609,2,0.06,0.06,6458.016482,1146.803507,0,0.43804893,0.169,0.6,0.877038059,,,,,,
68.4855,PP9 GT-49,SA_RIYADH,GTUR,OIL,0.299759668,13.14782609,2,0.06,0.06,6458.016482,1146.803507,0,0.43804893,0.169,0.6,0.877038059,,,,,,
68.4855,PP9 GT-50,SA_RIYADH,GTUR,OIL,0.298448719,13.14782609,2,0.06,0.06,6458.016482,1146.803507,0,0.43804893,0.169,0.6,0.877038059,,,,,,
68.4855,PP9 GT-51,SA_RIYADH,GTUR,OIL,0.291189935,13.14782609,2,0.06,0.06,6458.016482,1146.803507,0,0.43804893,0.169,0.6,0.877038059,,,,,,
68.4855,PP9 GT-52,SA_RIYADH,GTUR,OIL,0.297382266,13.14782609,2,0.06,0.06,6458.016482,1146.803507,0,0.43804893,0.169,0.6,0.877038059,,,,,,
68.4855,PP9 GT-53,SA_RIYADH,GTUR,OIL,0.295783981,13.14782609,2,0.06,0.06,6458.016482,1146.803507,0,0.43804893,0.169,0.6,0.877038059,,,,,,
68.4855,PP9 GT-54,SA_RIYADH,GTUR,OIL,0.296091984,13.14782609,2,0.06,0.06,6458.016482,1146.803507,0,0.43804893,0.169,0.6,0.877038059,,,,,,
68.4855,PP9 GT-55,SA_RIYADH,GTUR,OIL,0.299628055,13.14782609,2,0.06,0.06,6458.016482,1146.803507,0,0.43804893,0.169,0.6,0.877038059,,,,,,
68.4855,PP9 GT-56,SA_RIYADH,GTUR,OIL,0.295604608,13.14782609,2,0.06,0.06,6458.016482,1146.803507,0,0.43804893,0.169,0.6,0.877038059,,,,,,
56.2675,PP8 GT-A1,SA_RIYADH,GTUR,GAS,0.273004305,11.78947368,2,0.06,0.06,8652.72791,1887.309327,0,0.355444973,0.2559,0.6,0.500133246,,,,,,
56.2675,PP8 GT-A2,SA_RIYADH,GTUR,GAS,0.271549123,11.78947368,2,0.06,0.06,8652.72791,1887.309327,0,0.355444973,0.2559,0.6,0.500133246,,,,,,
56.2675,PP8 GT-A3,SA_RIYADH,GTUR,GAS,0.261734177,11.78947368,2,0.06,0.06,8652.72791,1887.309327,0,0.355444973,0.2559,0.6,0.500133246,,,,,,
56.2675,PP8 GT-A4,SA_RIYADH,GTUR,GAS,0.256192404,11.78947368,2,0.06,0.06,8652.72791,1887.309327,0,0.355444973,0.2559,0.6,0.500133246,,,,,,
56.2675,PP8 GT-A5,SA_RIYADH,GTUR,GAS,0.279778493,11.78947368,2,0.06,0.06,8652.72791,1887.309327,0,0.355444973,0.2559,0.6,0.500133246,,,,,,
56.2675,PP8 GT-A6,SA_RIYADH,GTUR,GAS,0.261153243,11.78947368,2,0.06,0.06,8652.72791,1887.309327,0,0.355444973,0.2559,0.6,0.500133246,,,,,,
56.2675,PP8 GT-A7,SA_RIYADH,GTUR,GAS,0.27394288,11.78947368,2,0.06,0.06,8652.72791,1887.309327,0,0.355444973,0.2559,0.6,0.500133246,,,,,,
56.2675,PP8 GT-A8,SA_RIYADH,GTUR,GAS,0.2651848,11.78947368,2,0.06,0.06,8652.72791,1887.309327,0,0.355444973,0.2559,0.6,0.500133246,,,,,,
56.2675,PP8 GT-A9,SA_RIYADH,GTUR,GAS,0.28331415,11.78947368,2,0.06,0.06,8652.72791,1887.309327,0,0.355444973,0.2559,0.6,0.500133246,,,,,,
56.2675,PP8 GT-A10,SA_RIYADH,GTUR,GAS,0.261153243,11.78947368,2,0.06,0.06,8652.72791,1887.309327,0,0.355444973,0.2559,0.6,0.500133246,,,,,,
56.2675,PP8 GT-B1,SA_RIYADH,GTUR,GAS,0.261133257,11.78947368,2,0.06,0.06,8652.72791,1887.309327,0,0.355444973,0.2559,0.6,0.500133246,,,,,,
56.2675,PP8 GT-B2,SA_RIYADH,GTUR,GAS,0.260256882,11.78947368,2,0.06,0.06,8652.72791,1887.309327,0,0.355444973,0.2559,0.6,0.500133246,,,,,,
56.2675,PP8 GT-B3,SA_RIYADH,GTUR,GAS,0.273418357,11.78947368,2,0.06,0.06,8652.72791,1887.309327,0,0.355444973,0.2559,0.6,0.500133246,,,,,,
56.2675,PP8 GT-B4,SA_RIYADH,GTUR,GAS,0.266570469,11.78947368,2,0.06,0.06,8652.72791,1887.309327,0,0.355444973,0.2559,0.6,0.500133246,,,,,,
56.2675,PP8 GT-B5,SA_RIYADH,GTUR,GAS,0.268362616,11.78947368,2,0.06,0.06,8652.72791,1887.309327,0,0.355444973,0.2559,0.6,0.500133246,,,,,,
56.2675,PP8 GT-B6,SA_RIYADH,GTUR,GAS,0.279783081,11.78947368,2,0.06,0.06,8652.72791,1887.309327,0,0.355444973,0.2559,0.6,0.500133246,,,,,,
56.2675,PP8 GT-B7,SA_RIYADH,GTUR,GAS,0.272694965,11.78947368,2,0.06,0.06,8652.72791,1887.309327,0,0.355444973,0.2559,0.6,0.500133246,,,,,,
56.2675,PP8 GT-B8,SA_RIYADH,GTUR,GAS,0.276204733,11.78947368,2,0.06,0.06,8652.72791,1887.309327,0,0.355444973,0.2559,0.6,0.500133246,,,,,,
56.2675,PP8 GT-B9,SA_RIYADH,GTUR,GAS,0.2619102,11.78947368,2,0.06,0.06,8652.72791,1887.309327,0,0.355444973,0.2559,0.6,0.500133246,,,,,,
56.2675,PP8 GT-B10,SA_RIYADH,GTUR,GAS,0.268046391,11.78947368,2,0.06,0.06,8652.72791,1887.309327,0,0.355444973,0.2559,0.6,0.500133246,,,,,,
69.1755,PP8 GT-C1,SA_RIYADH,GTUR,GAS,0.249932626,11.78947368,2,0.06029,0.06891,8652.72791,1887.309327,0,0.289119703,0.2559,0.6,0.500133246,,,,,,
69.219,PP8 GT-C2,SA_RIYADH,GTUR,GAS,0.259327228,11.78947368,2,0.06029,0.06891,8652.72791,1887.309327,0,0.288938008,0.2559,0.6,0.500133246,,,,,,
69.219,PP8 GT-C3,SA_RIYADH,GTUR,GAS,0.268109576,11.78947368,2,0.06029,0.06891,8652.72791,1887.309327,0,0.288938008,0.2559,0.6,0.500133246,,,,,,
69.219,PP8 GT-C4,SA_RIYADH,GTUR,GAS,0.267051014,11.78947368,2,0.06029,0.06891,8652.72791,1887.309327,0,0.288938008,0.2559,0.6,0.500133246,,,,,,
69.219,PP8 GT-C5,SA_RIYADH,GTUR,GAS,0.277914468,11.78947368,2,0.06029,0.06891,8652.72791,1887.309327,0,0.288938008,0.2559,0.6,0.500133246,,,,,,
69.219,PP8 GT-C6,SA_RIYADH,GTUR,GAS,0.267051014,11.78947368,2,0.06029,0.06891,8652.72791,1887.309327,0,0.288938008,0.2559,0.6,0.500133246,,,,,,
69.219,PP8 GT-C7,SA_RIYADH,GTUR,GAS,0.263920581,11.78947368,2,0.06029,0.06891,8652.72791,1887.309327,0,0.288938008,0.2559,0.6,0.500133246,,,,,,
69.219,PP8 GT-C8,SA_RIYADH,GTUR,GAS,0.274604276,11.78947368,2,0.06029,0.06891,8652.72791,1887.309327,0,0.288938008,0.2559,0.6,0.500133246,,,,,,
69.219,PP8 GT-C9,SA_RIYADH,GTUR,GAS,0.273591437,11.78947368,2,0.06029,0.06891,8652.72791,1887.309327,0,0.288938008,0.2559,0.6,0.500133246,,,,,,
69.219,PP8 GT-C10,SA_RIYADH,GTUR,GAS,0.271307278,11.78947368,2,0.06029,0.06891,8652.72791,1887.309327,0,0.288938008,0.2559,0.6,0.500133246,,,,,,
148.21,PP8 GT-D1,SA_RIYADH,GTUR,GAS,0.325207273,11.78947368,2,0.09167,0.11667,8652.72791,1887.309327,0,0.607246475,0.2559,0.6,0.500133246,,,,,,
148.21,PP8 GT-D2,SA_RIYADH,GTUR,GAS,0.339595372,11.78947368,2,0.09167,0.11667,8652.72791,1887.309327,0,0.607246475,0.2559,0.6,0.500133246,,,,,,
148.21,PP8 GT-D3,SA_RIYADH,GTUR,GAS,0.322721071,11.78947368,2,0.09167,0.11667,8652.72791,1887.309327,0,0.607246475,0.2559,0.6,0.500133246,,,,,,
148.21,PP8 GT-D4,SA_RIYADH,GTUR,GAS,0.330509307,11.78947368,2,0.09167,0.11667,8652.72791,1887.309327,0,0.607246475,0.2559,0.6,0.500133246,,,,,,
56.8185,PP7 GT-01,SA_RIYADH,GTUR,GAS,0.275124924,11.78947368,2,0.08,0.08,8652.72791,1887.309327,0,0.439997536,0.2559,0.6,0.500133246,,,,,,
56.8185,PP7 GT-02,SA_RIYADH,GTUR,GAS,0.263157577,11.78947368,2,0.08,0.08,8652.72791,1887.309327,0,0.439997536,0.2559,0.6,0.500133246,,,,,,
56.8185,PP7 GT-03,SA_RIYADH,GTUR,GAS,0.28106247,11.78947368,2,0.08,0.08,8652.72791,1887.309327,0,0.439997536,0.2559,0.6,0.500133246,,,,,,
56.8185,PP7 GT-04,SA_RIYADH,GTUR,GAS,0.26667453,11.78947368,2,0.08,0.08,8652.72791,1887.309327,0,0.439997536,0.2559,0.6,0.500133246,,,,,,
56.8185,PP7 GT-05,SA_RIYADH,GTUR,GAS,0.262550111,11.78947368,2,0.08,0.08,8652.72791,1887.309327,0,0.439997536,0.2559,0.6,0.500133246,,,,,,
56.8185,PP7 GT-06,SA_RIYADH,GTUR,GAS,0.262368417,11.78947368,2,0.08,0.08,8652.72791,1887.309327,0,0.439997536,0.2559,0.6,0.500133246,,,,,,
56.8185,PP7 GT-07,SA_RIYADH,GTUR,GAS,0.259554366,11.78947368,2,0.08,0.08,8652.72791,1887.309327,0,0.439997536,0.2559,0.6,0.500133246,,,,,,
56.8185,PP7 GT-08,SA_RIYADH,GTUR,GAS,0.265574469,11.78947368,2,0.08,0.08,8652.72791,1887.309327,0,0.439997536,0.2559,0.6,0.500133246,,,,,,
56.8185,PP7 GT-09,SA_RIYADH,GTUR,GAS,0.268753961,11.78947368,2,0.08,0.08,8652.72791,1887.309327,0,0.439997536,0.2559,0.6,0.500133246,,,,,,
56.8185,PP7 GT-10,SA_RIYADH,GTUR,GAS,0.26881748,11.78947368,2,0.08,0.08,8652.72791,1887.309327,0,0.439997536,0.2559,0.6,0.500133246,,,,,,
56.8185,PP7 GT-11,SA_RIYADH,GTUR,GAS,0.277858215,11.78947368,2,0.08,0.08,8652.72791,1887.309327,0,0.439997536,0.2559,0.6,0.500133246,,,,,,
56.8185,PP7 GT-12,SA_RIYADH,GTUR,GAS,0.271555898,11.78947368,2,0.08,0.08,8652.72791,1887.309327,0,0.439997536,0.2559,0.6,0.500133246,,,,,,
56.8185,PP7 GT-13,SA_RIYADH,GTUR,GAS,0.271296803,11.78947368,2,0.08,0.08,8652.72791,1887.309327,0,0.439997536,0.2559,0.6,0.500133246,,,,,,
56.8185,PP7 GT-14,SA_RIYADH,GTUR,GAS,0.268923413,11.78947368,2,0.08,0.08,8652.72791,1887.309327,0,0.439997536,0.2559,0.6,0.500133246,,,,,,
56.8185,PP7 GT-15,SA_RIYADH,GTUR,GAS,0.266987524,11.78947368,2,0.08,0.08,8652.72791,1887.309327,0,0.439997536,0.2559,0.6,0.500133246,,,,,,
56.8185,PP7 GT-16,SA_RIYADH,GTUR,GAS,0.258336,11.78947368,2,0.08,0.08,8652.72791,1887.309327,0,0.439997536,0.2559,0.6,0.500133246,,,,,,
69.346,PP7 GT-17,SA_RIYADH,GTUR,GAS,0.267678705,11.78947368,2,0.08676,0.08676,8652.72791,1887.309327,0,0.432613273,0.2559,0.6,0.500133246,,,,,,
69.346,PP7 GT-18,SA_RIYADH,GTUR,GAS,0.271124348,11.78947368,2,0.08676,0.08676,8652.72791,1887.309327,0,0.432613273,0.2559,0.6,0.500133246,,,,,,
56.7,PP7 GT-19,SA_RIYADH,GTUR,GAS,0.26252991,11.78947368,2,0.08676,0.08676,8652.72791,1887.309327,0,0.529100529,0.2559,0.6,0.500133246,,,,,,
69.346,PP7 GT-20,SA_RIYADH,GTUR,GAS,0.261664216,11.78947368,2,0.08676,0.08676,8652.72791,1887.309327,0,0.432613273,0.2559,0.6,0.500133246,,,,,,
69.346,PP7 GT-21,SA_RIYADH,GTUR,GAS,0.272575467,11.78947368,2,0.08676,0.08676,8652.72791,1887.309327,0,0.432613273,0.2559,0.6,0.500133246,,,,,,
69.346,PP7 GT-22,SA_RIYADH,GTUR,GAS,0.261925335,11.78947368,2,0.08676,0.08676,8652.72791,1887.309327,0,0.432613273,0.2559,0.6,0.500133246,,,,,,
108.6785,PP7 GT-23,SA_RIYADH,GTUR,GAS,0.283632419,11.78947368,2,0.08824,0.08824,8652.72791,1887.309327,0,0.36805808,0.2559,0.6,0.500133246,,,,,,
108.6785,PP7 GT-24,SA_RIYADH,GTUR,GAS,0.283632419,11.78947368,2,0.08824,0.08824,8652.72791,1887.309327,0,0.36805808,0.2559,0.6,0.500133246,,,,,,
51.005,PP5 GT-23,SA_RIYADH,GTUR,OIL,0.224514367,13.14782609,2,0.04117,0.06002,6458.016482,1146.803507,0,0.39211842,0.169,0.6,0.877038059,,,,,,
51.005,PP5 GT-24,SA_RIYADH,GTUR,OIL,0.254996482,13.14782609,2,0.06454,0.06051,6458.016482,1146.803507,0,0.39211842,0.169,0.6,0.877038059,,,,,,
51.005,PP5 GT-25,SA_RIYADH,GTUR,OIL,0.251873875,13.14782609,2,0.05958,0.06161,6458.016482,1146.803507,0,0.39211842,0.169,0.6,0.877038059,,,,,,
51.005,PP5 GT-26,SA_RIYADH,GTUR,OIL,0.258706142,13.14782609,2,0.05078,0.05971,6458.016482,1146.803507,0,0.39211842,0.169,0.6,0.877038059,,,,,,
51.005,PP5 GT-27,SA_RIYADH,GTUR,OIL,0.250414518,13.14782609,2,0.05439,0.06073,6458.016482,1146.803507,0,0.39211842,0.169,0.6,0.877038059,,,,,,
51.005,PP5 GT-28,SA_RIYADH,GTUR,OIL,0.255789269,13.14782609,2,0.05752,0.059,6458.016482,1146.803507,0,0.39211842,0.169,0.6,0.877038059,,,,,,
51.005,PP5 GT-29,SA_RIYADH,GTUR,OIL,0.255789269,13.14782609,2,0.05822,0.06109,6458.016482,1146.803507,0,0.39211842,0.169,0.6,0.877038059,,,,,,
51.005,PP5 GT-30,SA_RIYADH,GTUR,OIL,0.259907431,13.14782609,2,0.06107,0.06192,6458.016482,1146.803507,0,0.39211842,0.169,0.6,0.877038059,,,,,,
51.005,PP5 GT-31,SA_RIYADH,GTUR,OIL,0.255053627,13.14782609,2,0.05672,0.06237,6458.016482,1146.803507,0,0.39211842,0.169,0.6,0.877038059,,,,,,
51.005,PP5 GT-32,SA_RIYADH,GTUR,OIL,0.251855296,13.14782609,2,0.06181,0.0592,6458.016482,1146.803507,0,0.39211842,0.169,0.6,0.877038059,,,,,,
51.705,PP5 GT-33,SA_RIYADH,GTUR,OIL,0.252004006,13.14782609,2,0.05026,0.06194,6458.016482,1146.803507,0,0.386809786,0.169,0.6,0.877038059,,,,,,
51.705,PP5 GT-34,SA_RIYADH,GTUR,OIL,0.273196245,13.14782609,2,0.05166,0.06279,6458.016482,1146.803507,0,0.386809786,0.169,0.6,0.877038059,,,,,,
30.0705,PP4 GT-12,SA_RIYADH,GTUR,DSL,0.172084636,0.044117647,2,0.12116,0.12116,6458.016482,1146.803507,0,0.399062204,0.169,0.6,0.870213776,,,,,,
30.0705,PP4 GT-13,SA_RIYADH,GTUR,DSL,0.179996615,0.044117647,2,0.12116,0.12116,6458.016482,1146.803507,0,0.399062204,0.169,0.6,0.870213776,,,,,,
30.0705,PP4 GT-14,SA_RIYADH,GTUR,DSL,0.172059115,0.044117647,2,0.12116,0.12116,6458.016482,1146.803507,0,0.399062204,0.169,0.6,0.870213776,,,,,,
30.0705,PP4 GT-15,SA_RIYADH,GTUR,DSL,0.171975356,0.044117647,2,0.12116,0.12116,6458.016482,1146.803507,0,0.399062204,0.169,0.6,0.870213776,,,,,,
17.5,PP4 GT-16,SA_RIYADH,GTUR,DSL,0.211869074,0.044117647,2,0.19802,0.19802,6458.016482,1146.803507,0,0.285714286,0.169,0.6,0.870213776,,,,,,
17.5,PP4 GT-17,SA_RIYADH,GTUR,DSL,0.2187157,0.044117647,2,0.19802,0.19802,6458.016482,1146.803507,0,0.285714286,0.169,0.6,0.870213776,,,,,,
50.25,PP4 GT-18,SA_RIYADH,GTUR,DSL,0.267542336,0.044117647,2,0.07241,0.07241,6458.016482,1146.803507,0,0.39800995,0.169,0.6,0.870213776,,,,,,
50.25,PP4 GT-19,SA_RIYADH,GTUR,DSL,0.267409505,0.044117647,2,0.09655,0.12069,6458.016482,1146.803507,0,0.39800995,0.169,0.6,0.870213776,,,,,,
50.25,PP4 GT-20,SA_RIYADH,GTUR,DSL,0.260228698,0.044117647,2,0.07241,0.07241,6458.016482,1146.803507,0,0.39800995,0.169,0.6,0.870213776,,,,,,
50.25,PP4 GT-21,SA_RIYADH,GTUR,DSL,0.275419723,0.044117647,2,0.07241,0.07241,6458.016482,1146.803507,0,0.39800995,0.169,0.6,0.870213776,,,,,,
50.25,PP4 GT-22,SA_RIYADH,GTUR,DSL,0.267542336,0.044117647,2,0.09655,0.12069,6458.016482,1146.803507,0,0.39800995,0.169,0.6,0.870213776,,,,,,
19.2005,Layla GT-01,SA_RIYADH,GTUR,DSL,0.238439545,0.044117647,2,0.23529,0.23529,6458.016482,1146.803507,0,0.416655816,0.169,0.6,0.870213776,,,,,,
19.2005,Layla GT-02,SA_RIYADH,GTUR,DSL,0.238723152,0.044117647,2,0.23529,0.23529,6458.016482,1146.803507,0,0.416655816,0.169,0.6,0.870213776,,,,,,
19.2005,Layla GT-03,SA_RIYADH,GTUR,DSL,0.241357513,0.044117647,2,0.23529,0.23529,6458.016482,1146.803507,0,0.416655816,0.169,0.6,0.870213776,,,,,,
19.2005,Layla GT-04,SA_RIYADH,GTUR,DSL,0.247197979,0.044117647,2,0.23529,0.23529,6458.016482,1146.803507,0,0.416655816,0.169,0.6,0.870213776,,,,,,
19.2005,Layla GT-05,SA_RIYADH,GTUR,DSL,0.240320518,0.044117647,2,0.23529,0.23529,6458.016482,1146.803507,0,0.416655816,0.169,0.6,0.870213776,,,,,,
19.2005,Layla GT-06,SA_RIYADH,GTUR,DSL,0.253290501,0.044117647,2,0.23529,0.23529,6458.016482,1146.803507,0,0.416655816,0.169,0.6,0.870213776,,,,,,
1800,PP11-IPP,SA_RIYADH,ICEN,GAS,0.287573437,0.8,2,0.5,0.5,900,1146.803507,0,0.525490196,0.4063,0.3,0.430043313,,,,,,
65,Riyadh-Refinery,SA_RIYADH,ICEN,GAS,0.287573437,0.8,2,0.5,0.5,900,1146.803507,0,0.525490196,0.4063,0.3,0.430043313,,,,,,
50,Rental-COA,SA_RIYADH,ICEN,GAS,0.287573437,0.8,2,0.5,0.5,900,1146.803507,0,0.525490196,0.4063,0.3,0.430043313,,,,,,
5.332,King Abdullah Petroleum Studies and Research Center Solar Park,SA_RIYADH,PHOT,SUN,1,0,0,0.548703336,0.548703336,0,0,0,0,0.9375,0.125,0,,,,,,
3.552,King Abdullah Petroleum Studies and Research Center Solar Park - 1,SA_RIYADH,PHOT,SUN,1,0,0,0.548703336,0.548703336,0,0,0,0,0.9375,0.125,0,,,,,,
1.78,King Abdullah Petroleum Studies and Research Center Solar Park - 2,SA_RIYADH,PHOT,SUN,1,0,0,0.548703336,0.548703336,0,0,0,0,0.9375,0.125,0,,,,,,
1,Solar Systems Riyadh Solar Plant,SA_RIYADH,CPV,SUN,1,0,0,0.548703336,0.548703336,0,0,0,0,0.9375,0.125,0,,,,,,
55.875,Asir GT-01,SA_SOA,GTUR,DSL,0.30575263,0.044117647,2,0.10442,0.11336,6458.016482,1146.803507,0,0.447427293,0.169,0.6,0.870213776,,,,,,
55.875,Asir GT-02,SA_SOA,GTUR,DSL,0.305643079,0.044117647,2,0.10442,0.11336,6458.016482,1146.803507,0,0.447427293,0.169,0.6,0.870213776,,,,,,
55.875,Asir GT-03,SA_SOA,GTUR,DSL,0.295045165,0.044117647,2,0.10442,0.11336,6458.016482,1146.803507,0,0.447427293,0.169,0.6,0.870213776,,,,,,
58.84,Asir GT-04,SA_SOA,GTUR,DSL,0.290004792,0.044117647,2,0.10442,0.11336,6458.016482,1146.803507,0,0.458871516,0.169,0.6,0.870213776,,,,,,
74.804,Asir GT-05,SA_SOA,GTUR,DSL,0.282256176,0.044117647,2,0.10442,0.11336,6458.016482,1146.803507,0,0.481257687,0.169,0.6,0.870213776,,,,,,
72.049,Asir GT-06,SA_SOA,GTUR,DSL,0.277798101,0.044117647,2,0.10442,0.11336,6458.016482,1146.803507,0,0.499659954,0.169,0.6,0.870213776,,,,,,
58.3565,Asir GT-07,SA_SOA,GTUR,DSL,0.319554407,0.044117647,2,0.10442,0.11336,6458.016482,1146.803507,0,0.479809447,0.169,0.6,0.870213776,,,,,,
61.4065,Asir GT-08,SA_SOA,GTUR,DSL,0.324971712,0.044117647,2,0.10442,0.11336,6458.016482,1146.803507,0,0.455977787,0.169,0.6,0.870213776,,,,,,
73.3815,Asir GT-09,SA_SOA,GTUR,DSL,0.314054387,0.044117647,2,0.10442,0.11336,6458.016482,1146.803507,0,0.476959452,0.169,0.6,0.870213776,,,,,,
80.9365,Asir GT-10,SA_SOA,GTUR,DSL,0.237039693,0.044117647,2,0.10442,0.11336,6458.016482,1146.803507,0,0.46950387,0.169,0.6,0.870213776,,,,,,
8.5,Asir DE1,SA_SOA,ICEN,DSL,0.383991974,0.8,2,0.24756,0.24756,900,1146.803507,0,0.588235294,0.4063,0.3,0.599434667,,,,,,
8.5,Asir DE2,SA_SOA,ICEN,DSL,0.070873915,0.8,2,0.24756,0.24756,900,1146.803507,0,0.588235294,0.4063,0.3,0.599434667,,,,,,
8.5,Asir DE3,SA_SOA,ICEN,DSL,0.373955819,0.8,2,0.24756,0.24756,900,1146.803507,0,0.588235294,0.4063,0.3,0.599434667,,,,,,
8.5,Asir DE4,SA_SOA,ICEN,DSL,0.368951525,0.8,2,0.24756,0.24756,900,1146.803507,0,0.588235294,0.4063,0.3,0.599434667,,,,,,
8.5,Asir DE5,SA_SOA,ICEN,DSL,0.070873915,0.8,2,0.24756,0.24756,900,1146.803507,0,0.588235294,0.4063,0.3,0.599434667,,,,,,
8.5,Asir DE6,SA_SOA,ICEN,DSL,0.368030276,0.8,2,0.24756,0.24756,900,1146.803507,0,0.588235294,0.4063,0.3,0.599434667,,,,,,
8.5,Asir DE7,SA_SOA,ICEN,DSL,0.307248703,0.8,2,0.24756,0.24756,900,1146.803507,0,0.588235294,0.4063,0.3,0.599434667,,,,,,
8.5,Asir DE8,SA_SOA,ICEN,DSL,0.184406184,0.8,2,0.24756,0.24756,900,1146.803507,0,0.588235294,0.4063,0.3,0.599434667,,,,,,
8.5,Asir DE9,SA_SOA,ICEN,DSL,0.184406184,0.8,2,0.24756,0.24756,900,1146.803507,0,0.588235294,0.4063,0.3,0.599434667,,,,,,
16,Jazan GT-01,SA_SOA,GTUR,DSL,0.222508703,0.044117647,2,0.10442,0.11336,6458.016482,1146.803507,0,0.3125,0.169,0.6,0.870213776,,,,,,
17,Jazan GT-02,SA_SOA,GTUR,DSL,0.230067152,0.044117647,2,0.10442,0.11336,6458.016482,1146.803507,0,0.588235294,0.169,0.6,0.870213776,,,,,,
17,Jazan GT-03,SA_SOA,GTUR,DSL,0.204928038,0.044117647,2,0.10442,0.11336,6458.016482,1146.803507,0,0.588235294,0.169,0.6,0.870213776,,,,,,
16,Jazan GT-04,SA_SOA,GTUR,DSL,0.215142448,0.044117647,2,0.10442,0.11336,6458.016482,1146.803507,0,0.625,0.169,0.6,0.870213776,,,,,,
10,Jazan GT-05,SA_SOA,GTUR,DSL,0.22510295,0.044117647,2,0.10442,0.11336,6458.016482,1146.803507,0,0.5,0.169,0.6,0.870213776,,,,,,
10,Jazan GT-06,SA_SOA,GTUR,DSL,0.22510295,0.044117647,2,0.10442,0.11336,6458.016482,1146.803507,0,0.5,0.169,0.6,0.870213776,,,,,,
12,Jazan GT-07,SA_SOA,GTUR,DSL,0.225097456,0.044117647,2,0.10442,0.11336,6458.016482,1146.803507,0,0.833333333,0.169,0.6,0.870213776,,,,,,
17,Jazan GT-08,SA_SOA,GTUR,DSL,0.243405572,0.044117647,2,0.10442,0.11336,6458.016482,1146.803507,0,0.588235294,0.169,0.6,0.870213776,,,,,,
15,Jazan GT-09,SA_SOA,GTUR,DSL,0.22828472,0.044117647,2,0.10442,0.11336,6458.016482,1146.803507,0,0.666666667,0.169,0.6,0.870213776,,,,,,
71.8515,Jazan GT-10,SA_SOA,GTUR,DSL,0.302893898,0.044117647,2,0.10442,0.11336,6458.016482,1146.803507,0,0.347939848,0.169,0.6,0.870213776,,,,,,
71.356,Jazan GT-11,SA_SOA,GTUR,DSL,0.309627844,0.044117647,2,0.10442,0.11336,6458.016482,1146.803507,0,0.350355962,0.169,0.6,0.870213776,,,,,,
15,Jazan GT-12,SA_SOA,GTUR,DSL,0.212719234,0.044117647,2,0.10442,0.11336,6458.016482,1146.803507,0,0.666666667,0.169,0.6,0.870213776,,,,,,
15,Jazan GT-13,SA_SOA,GTUR,DSL,0.228097321,0.044117647,2,0.10442,0.11336,6458.016482,1146.803507,0,0.666666667,0.169,0.6,0.870213776,,,,,,
15,Jazan GT-14,SA_SOA,GTUR,DSL,0.232229408,0.044117647,2,0.10442,0.11336,6458.016482,1146.803507,0,0.666666667,0.169,0.6,0.870213776,,,,,,
78.4155,Jazan GT-15,SA_SOA,GTUR,DSL,0.320535212,0.044117647,2,0.10442,0.11336,6458.016482,1146.803507,0,0.382577424,0.169,0.6,0.870213776,,,,,,
85.4145,Jazan GT-16,SA_SOA,GTUR,DSL,0.334224257,0.044117647,2,0.10442,0.11336,6458.016482,1146.803507,0,0.351228421,0.169,0.6,0.870213776,,,,,,
93.041,Jazan GT-17,SA_SOA,GTUR,DSL,0.267911906,0.044117647,2,0.10442,0.11336,6458.016482,1146.803507,0,0.322438495,0.169,0.6,0.870213776,,,,,,
79.3165,Jazan GT-18,SA_SOA,GTUR,DSL,0.272017567,0.044117647,2,0.10442,0.11336,6458.016482,1146.803507,0,0.378231516,0.169,0.6,0.870213776,,,,,,
79.37,Jazan GT-19,SA_SOA,GTUR,DSL,0.326797861,0.044117647,2,0.10442,0.11336,6458.016482,1146.803507,0,0.377976565,0.169,0.6,0.870213776,,,,,,
81.2865,Jazan GT-20,SA_SOA,GTUR,DSL,0.321895957,0.044117647,2,0.10442,0.11336,6458.016482,1146.803507,0,0.369064974,0.169,0.6,0.870213776,,,,,,
84.1145,Jazan GT-21,SA_SOA,GTUR,DSL,0.328845044,0.044117647,2,0.10442,0.11336,6458.016482,1146.803507,0,0.3566567,0.169,0.6,0.870213776,,,,,,
83.5265,Jazan GT-22,SA_SOA,GTUR,DSL,0.319365171,0.044117647,2,0.10442,0.11336,6458.016482,1146.803507,0,0.35916745,0.169,0.6,0.870213776,,,,,,
85.1145,Jazan GT-23,SA_SOA,GTUR,DSL,0.319365171,0.044117647,2,0.10442,0.11336,6458.016482,1146.803507,0,0.352466384,0.169,0.6,0.870213776,,,,,,
80.1145,Jazan GT-24,SA_SOA,GTUR,DSL,0.331367955,0.044117647,2,0.10442,0.11336,6458.016482,1146.803507,0,0.374464048,0.169,0.6,0.870213776,,,,,,
86.095,Jazan GT-25,SA_SOA,GTUR,DSL,0.327205256,0.044117647,2,0.10442,0.11336,6458.016482,1146.803507,0,0.348452291,0.169,0.6,0.870213776,,,,,,
85.3145,Jazan GT-26,SA_SOA,GTUR,DSL,0.328370344,0.044117647,2,0.10442,0.11336,6458.016482,1146.803507,0,0.351640108,0.169,0.6,0.870213776,,,,,,
86.531,Jazan GT-27,SA_SOA,GTUR,DSL,0.328370344,0.044117647,2,0.10442,0.11336,6458.016482,1146.803507,0,0.34669656,0.169,0.6,0.870213776,,,,,,
86.6145,Jazan GT-28,SA_SOA,GTUR,DSL,0.323268304,0.044117647,2,0.10442,0.11336,6458.016482,1146.803507,0,0.34636233,0.169,0.6,0.870213776,,,,,,
87.1145,Jazan GT-29,SA_SOA,GTUR,DSL,0.327676591,0.044117647,2,0.10442,0.11336,6458.016482,1146.803507,0,0.344374358,0.169,0.6,0.870213776,,,,,,
87.1085,Jazan GT-30,SA_SOA,GTUR,DSL,0.328370344,0.044117647,2,0.10442,0.11336,6458.016482,1146.803507,0,0.344398078,0.169,0.6,0.870213776,,,,,,
20,Bisha GT-01,SA_SOA,GTUR,DSL,0.298488871,0.044117647,2,0.10442,0.11336,6458.016482,1146.803507,0,0.6,0.169,0.6,0.870213776,,,,,,
20,Bisha GT-02,SA_SOA,GTUR,DSL,0.298488871,0.044117647,2,0.10442,0.11336,6458.016482,1146.803507,0,0.6,0.169,0.6,0.870213776,,,,,,
55.88,Bisha GT-03,SA_SOA,GTUR,DSL,0.275809154,0.044117647,2,0.10442,0.11336,6458.016482,1146.803507,0,0.483178239,0.169,0.6,0.870213776,,,,,,
58.4,Bisha GT-04,SA_SOA,GTUR,DSL,0.275809154,0.044117647,2,0.10442,0.11336,6458.016482,1146.803507,0,0.462328767,0.169,0.6,0.870213776,,,,,,
87.4565,Bisha GT-05,SA_SOA,GTUR,DSL,0.304101971,0.044117647,2,0.10442,0.11336,6458.016482,1146.803507,0,0.457370235,0.169,0.6,0.870213776,,,,,,
92.6565,Bisha GT-06,SA_SOA,GTUR,DSL,0.307002249,0.044117647,2,0.10442,0.11336,6458.016482,1146.803507,0,0.464079692,0.169,0.6,0.870213776,,,,,,
91.9565,Bisha GT-07,SA_SOA,GTUR,DSL,0.304129076,0.044117647,2,0.10442,0.11336,6458.016482,1146.803507,0,0.467612404,0.169,0.6,0.870213776,,,,,,
23.9565,Najran GT-01,SA_SOA,GTUR,OIL,0.245541242,13.14782609,2,0.08889,0.13333,6458.016482,1146.803507,0,0.417423246,0.169,0.6,0.877038059,,,,,,
23.9565,Najran GT-02,SA_SOA,GTUR,OIL,0.220619698,13.14782609,2,0.08889,0.13333,6458.016482,1146.803507,0,0.417423246,0.169,0.6,0.877038059,,,,,,
23.9565,Najran GT-03,SA_SOA,GTUR,OIL,0.248148366,13.14782609,2,0.08889,0.13333,6458.016482,1146.803507,0,0.417423246,0.169,0.6,0.877038059,,,,,,
23.9565,Najran GT-04,SA_SOA,GTUR,OIL,0.25151398,13.14782609,2,0.08889,0.13333,6458.016482,1146.803507,0,0.417423246,0.169,0.6,0.877038059,,,,,,
23.9565,Najran GT-05,SA_SOA,GTUR,OIL,0.269853776,13.14782609,2,0.08889,0.13333,6458.016482,1146.803507,0,0.417423246,0.169,0.6,0.877038059,,,,,,
63.2165,Najran GT-06,SA_SOA,GTUR,OIL,0.289881893,13.14782609,2,0.10874,0.07767,6458.016482,1146.803507,0,0.348010409,0.169,0.6,0.877038059,,,,,,
62.0165,Najran GT-07,SA_SOA,GTUR,OIL,0.287401182,13.14782609,2,0.10874,0.07767,6458.016482,1146.803507,0,0.354744302,0.169,0.6,0.877038059,,,,,,
60.3165,Najran GT-08,SA_SOA,GTUR,OIL,0.319686193,13.14782609,2,0.10874,0.07767,6458.016482,1146.803507,0,0.364742649,0.169,0.6,0.877038059,,,,,,
65.551,Najran GT-09,SA_SOA,GTUR,OIL,0.285871704,13.14782609,2,0.10874,0.07767,6458.016482,1146.803507,0,0.335616543,0.169,0.6,0.877038059,,,,,,
64.8165,Najran GT-10,SA_SOA,GTUR,OIL,0.280924194,13.14782609,2,0.10874,0.07767,6458.016482,1146.803507,0,0.339419747,0.169,0.6,0.877038059,,,,,,
70,Najran GT-11,SA_SOA,GTUR,OIL,0.413255734,13.14782609,2,0.10874,0.07767,6458.016482,1146.803507,0,0.314285714,0.169,0.6,0.877038059,,,,,,
70,Najran GT-12,SA_SOA,GTUR,OIL,0.413255734,13.14782609,2,0.10874,0.07767,6458.016482,1146.803507,0,0.314285714,0.169,0.6,0.877038059,,,,,,
18,Tihama GT-01,SA_SOA,GTUR,OIL,0.272609847,13.14782609,2,0.225,0.225,6458.016482,1146.803507,0,0.555555556,0.169,0.6,0.877038059,,,,,,
18,Tihama GT-02,SA_SOA,GTUR,OIL,0.264661692,13.14782609,2,0.225,0.225,6458.016482,1146.803507,0,0.555555556,0.169,0.6,0.877038059,,,,,,
65.52,Tihama GT-03,SA_SOA,GTUR,OIL,0.271549171,13.14782609,2,0.08491,0.08491,6458.016482,1146.803507,0,0.457875458,0.169,0.6,0.877038059,,,,,,
65.52,Tihama GT-04,SA_SOA,GTUR,OIL,0.270982856,13.14782609,2,0.08491,0.08491,6458.016482,1146.803507,0,0.457875458,0.169,0.6,0.877038059,,,,,,
56,Tihama GT-05,SA_SOA,GTUR,OIL,0.273817204,13.14782609,2,0.08036,0.08036,6458.016482,1146.803507,0,0.535714286,0.169,0.6,0.877038059,,,,,,
90,Tihama GT-06,SA_SOA,GTUR,DSL,0.158566912,0.044117647,2,0.05625,0.05625,6458.016482,1146.803507,0,0.333333333,0.169,0.6,0.870213776,,,,,,
90,Tihama GT-07,SA_SOA,GTUR,DSL,0.160470355,0.044117647,2,0.05625,0.05625,6458.016482,1146.803507,0,0.333333333,0.169,0.6,0.870213776,,,,,,
73.39,Tihama GT-08,SA_SOA,GTUR,OIL,0.276708778,13.14782609,2,0.075,0.075,6458.016482,1146.803507,0,0.408775037,0.169,0.6,0.877038059,,,,,,
74.8885,Tihama GT-09,SA_SOA,GTUR,OIL,0.279021747,13.14782609,2,0.075,0.075,6458.016482,1146.803507,0,0.400595552,0.169,0.6,0.877038059,,,,,,
71.8885,Tihama GT-10,SA_SOA,GTUR,OIL,0.27574098,13.14782609,2,0.075,0.075,6458.016482,1146.803507,0,0.417312922,0.169,0.6,0.877038059,,,,,,
71.8885,Tihama GT-11,SA_SOA,GTUR,OIL,0.276435731,13.14782609,2,0.075,0.075,6458.016482,1146.803507,0,0.417312922,0.169,0.6,0.877038059,,,,,,
77.3885,Tihama GT-12,SA_SOA,GTUR,OIL,0.296634322,13.14782609,2,0.075,0.075,6458.016482,1146.803507,0,0.387654496,0.169,0.6,0.877038059,,,,,,
78.8885,Tihama GT-13,SA_SOA,GTUR,OIL,0.286665812,13.14782609,2,0.075,0.075,6458.016482,1146.803507,0,0.380283565,0.169,0.6,0.877038059,,,,,,
8.5,Baha GT-01,SA_SOA,ICEN,DSL,0.364534951,2,2,0.23529,0.23529,900,1146.803507,0,0.588235294,0.4063,0.3,0.599434667,,,,,,
8.5,Baha GT-02,SA_SOA,ICEN,DSL,0.364534951,2,2,0.23529,0.23529,900,1146.803507,0,0.588235294,0.4063,0.3,0.599434667,,,,,,
8.5,Baha GT-03,SA_SOA,ICEN,DSL,0.364534951,2,2,0.23529,0.23529,900,1146.803507,0,0.588235294,0.4063,0.3,0.599434667,,,,,,
8.5,Baha GT-05,SA_SOA,ICEN,DSL,0.364534951,2,2,0.23529,0.23529,900,1146.803507,0,0.588235294,0.4063,0.3,0.599434667,,,,,,
8.5,Baha GT-06,SA_SOA,ICEN,DSL,0.21180196,2,2,0.23529,0.23529,900,1146.803507,0,0.117647059,0.4063,0.3,0.599434667,,,,,,
8.5,Baha GT-07,SA_SOA,ICEN,DSL,0.21180196,2,2,0.23529,0.23529,900,1146.803507,0,0.117647059,0.4063,0.3,0.599434667,,,,,,
8.5,Baha GT-08,SA_SOA,GTUR,DSL,0.280861507,2,2,0.3125,0.3125,6458.016482,1146.803507,0,0.588235294,0.169,0.6,0.870213776,,,,,,
8.5,Baha GT-09,SA_SOA,GTUR,DSL,0.280861507,2,2,0.3125,0.3125,6458.016482,1146.803507,0,0.588235294,0.169,0.6,0.870213776,,,,,,
8.5,Baha GT-10,SA_SOA,GTUR,DSL,0.280861507,2,2,0.3125,0.3125,6458.016482,1146.803507,0,0.588235294,0.169,0.6,0.870213776,,,,,,
1000,Shouqaiq-IWPP,SA_SOA,ICEN,GAS,0.287573437,0.8,2,0.5,0.5,900,1146.803507,0,0.525490196,0.4063,0.3,0.430043313,,,,,,
975.2777778,Rental-SOA,SA_SOA,ICEN,GAS,0.287573437,0.8,2,0.5,0.5,900,1146.803507,0,0.525490196,0.4063,0.3,0.430043313,,,,,,
40,SWCC-SOA,SA_SOA,ICEN,GAS,0.287573437,0.8,2,0.5,0.5,900,1146.803507,0,0.525490196,0.4063,0.3,0.430043313,,,,,,
0.5,Farasan Solar Park,SA_SOA,PHOT,SUN,1,0,0,0.548703336,0.548703336,0,0,0,0,0.9375,0.125,0,,,,,,
393,Shoaiba ST-01,SA_WOA,STUR,HFO,0.378026634,48,48,0.01527,0.01527,29508.53003,186.1603718,0,0.508905852,0.362627907,4.395348837,0.680611563,,,,,,
393,Shoaiba ST-02,SA_WOA,STUR,HFO,0.370554936,48,48,0.01527,0.01527,29508.53003,186.1603718,0,0.508905852,0.362627907,4.395348837,0.680611563,,,,,,
393,Shoaiba ST-03,SA_WOA,STUR,HFO,0.375076286,48,48,0.01527,0.01527,29508.53003,186.1603718,0,0.508905852,0.362627907,4.395348837,0.680611563,,,,,,
393,Shoaiba ST-04,SA_WOA,STUR,HFO,0.372212232,48,48,0.01527,0.01527,29508.53003,186.1603718,0,0.508905852,0.362627907,4.395348837,0.680611563,,,,,,
393,Shoaiba ST-05,SA_WOA,STUR,HFO,0.376566459,48,48,0.01527,0.01527,29508.53003,186.1603718,0,0.508905852,0.362627907,4.395348837,0.680611563,,,,,,
397,Shoaiba ST-06,SA_WOA,STUR,HFO,0.368593521,48,48,0.01511,0.01511,29508.53003,186.1603718,0,0.503778338,0.362627907,4.395348837,0.680611563,,,,,,
397,Shoaiba ST-07,SA_WOA,STUR,HFO,0.380217069,48,48,0.01511,0.01511,29508.53003,186.1603718,0,0.503778338,0.362627907,4.395348837,0.680611563,,,,,,
397,Shoaiba ST-08,SA_WOA,STUR,HFO,0.368673173,48,48,0.01511,0.01511,29508.53003,186.1603718,0,0.503778338,0.362627907,4.395348837,0.680611563,,,,,,
397,Shoaiba ST-09,SA_WOA,STUR,HFO,0.375944117,48,48,0.01511,0.01511,29508.53003,186.1603718,0,0.503778338,0.362627907,4.395348837,0.680611563,,,,,,
397,Shoaiba ST-10,SA_WOA,STUR,HFO,0.377024154,48,48,0.01511,0.01511,29508.53003,186.1603718,0,0.503778338,0.362627907,4.395348837,0.680611563,,,,,,
397,Shoaiba ST-11,SA_WOA,STUR,HFO,0.375282549,48,48,0.01511,0.01511,29508.53003,186.1603718,0,0.503778338,0.362627907,4.395348837,0.680611563,,,,,,
397,Shoaiba ST-12,SA_WOA,STUR,HFO,0.375291138,48,48,0.01511,0.01511,29508.53003,186.1603718,0,0.503778338,0.362627907,4.395348837,0.680611563,,,,,,
397,Shoaiba ST-13,SA_WOA,STUR,HFO,0.375291138,48,48,0.01511,0.01511,29508.53003,186.1603718,0,0.503778338,0.362627907,4.395348837,0.680611563,,,,,,
397,Shoaiba ST-14,SA_WOA,STUR,HFO,0.375291138,48,48,0.01511,0.01511,29508.53003,186.1603718,0,0.503778338,0.362627907,4.395348837,0.680611563,,,,,,
79,Shoaiba GT-01,SA_WOA,GTUR,OIL,0.304812806,48,48,0.08824,0.08824,6458.016482,1146.803507,0,0.506329114,0.169,0.6,0.877038059,,,,,,
79,Shoaiba GT-02,SA_WOA,GTUR,OIL,0.304812806,48,48,0.08824,0.08824,6458.016482,1146.803507,0,0.506329114,0.169,0.6,0.877038059,,,,,,
79,Shoaiba GT-03,SA_WOA,GTUR,OIL,0.304812806,48,48,0.08824,0.08824,6458.016482,1146.803507,0,0.506329114,0.169,0.6,0.877038059,,,,,,
79,Shoaiba GT-04,SA_WOA,GTUR,OIL,0.304812806,48,48,0.08824,0.08824,6458.016482,1146.803507,0,0.506329114,0.169,0.6,0.877038059,,,,,,
79,Shoaiba GT-05,SA_WOA,GTUR,OIL,0.304812806,48,48,0.08824,0.08824,6458.016482,1146.803507,0,0.506329114,0.169,0.6,0.877038059,,,,,,
79,Shoaiba GT-06,SA_WOA,GTUR,OIL,0.304812806,48,48,0.08824,0.08824,6458.016482,1146.803507,0,0.506329114,0.169,0.6,0.877038059,,,,,,
79,Shoaiba GT-07,SA_WOA,GTUR,OIL,0.304812806,48,48,0.08824,0.08824,6458.016482,1146.803507,0,0.506329114,0.169,0.6,0.877038059,,,,,,
79,Shoaiba GT-08,SA_WOA,GTUR,OIL,0.304812806,48,48,0.08824,0.08824,6458.016482,1146.803507,0,0.506329114,0.169,0.6,0.877038059,,,,,,
79,Shoaiba GT-09,SA_WOA,GTUR,OIL,0.304812806,48,48,0.08824,0.08824,6458.016482,1146.803507,0,0.506329114,0.169,0.6,0.877038059,,,,,,
79,Shoaiba GT-10,SA_WOA,GTUR,OIL,0.304812806,48,48,0.08824,0.08824,6458.016482,1146.803507,0,0.506329114,0.169,0.6,0.877038059,,,,,,
624,Shoaiba CC-1,SA_WOA,COMC,OIL,0.344194199,48,48,0.01,0.01,17500,340.0637477,0,0.288461538,0.4793,0.874125874,0.522475425,,,,,,
624,Shoaiba CC-2,SA_WOA,COMC,OIL,0.344194199,48,48,0.01,0.01,17500,340.0637477,0,0.288461538,0.4793,0.874125874,0.522475425,,,,,,
260,Rabigh ST1,SA_WOA,STUR,HFO,0.349613504,48,48,0.01923,0.01923,29508.53003,186.1603718,0,0.576923077,0.362627907,4.395348837,0.680611563,,,,,,
260,Rabigh ST2,SA_WOA,STUR,HFO,0.34992974,48,48,0.01923,0.01923,29508.53003,186.1603718,0,0.576923077,0.362627907,4.395348837,0.680611563,,,,,,
260,Rabigh ST3,SA_WOA,STUR,HFO,0.349288543,48,48,0.01923,0.01923,29508.53003,186.1603718,0,0.576923077,0.362627907,4.395348837,0.680611563,,,,,,
260,Rabigh ST4,SA_WOA,STUR,HFO,0.349487099,48,48,0.01923,0.01923,29508.53003,186.1603718,0,0.576923077,0.362627907,4.395348837,0.680611563,,,,,,
266,Rabigh ST5,SA_WOA,STUR,HFO,0.348888185,48,48,0.0188,0.0188,29508.53003,186.1603718,0,0.563909774,0.362627907,4.395348837,0.680611563,,,,,,
266,Rabigh ST6,SA_WOA,STUR,HFO,0.350407326,48,48,0.0188,0.0188,29508.53003,186.1603718,0,0.563909774,0.362627907,4.395348837,0.680611563,,,,,,
53.5435,Rabigh GT-01,SA_WOA,GTUR,OIL,0.190271745,48,48,0.10442,0.11336,6458.016482,1146.803507,0,0.466910082,0.169,0.6,0.877038059,,,,,,
57.8855,Rabigh GT-02,SA_WOA,GTUR,OIL,0.190673229,48,48,0.10442,0.11336,6458.016482,1146.803507,0,0.431887087,0.169,0.6,0.877038059,,,,,,
55.7675,Rabigh GT-03,SA_WOA,GTUR,OIL,0.189657367,48,48,0.10442,0.11336,6458.016482,1146.803507,0,0.448289775,0.169,0.6,0.877038059,,,,,,
65.5,Rabigh GT-04,SA_WOA,GTUR,OIL,0.181946481,48,48,0.10442,0.11336,6458.016482,1146.803507,0,0.381679389,0.169,0.6,0.877038059,,,,,,
60.9,Rabigh GT-05,SA_WOA,GTUR,OIL,0.190348822,48,48,0.01704,0.01704,6458.016482,1146.803507,0,0.410509031,0.169,0.6,0.877038059,,,,,,
48,Rabigh GT-06,SA_WOA,GTUR,OIL,0.191966306,48,48,0.10442,0.11336,6458.016482,1146.803507,0,0.520833333,0.169,0.6,0.877038059,,,,,,
53.8545,Rabigh GT-07,SA_WOA,GTUR,OIL,0.193197575,48,48,0.10442,0.11336,6458.016482,1146.803507,0,0.464213761,0.169,0.6,0.877038059,,,,,,
51.2,Rabigh GT-08,SA_WOA,GTUR,OIL,0.190626818,48,48,0.10442,0.11336,6458.016482,1146.803507,0,0.48828125,0.169,0.6,0.877038059,,,,,,
74.556,Rabigh GT-09,SA_WOA,GTUR,OIL,0.189519678,48,48,0.10442,0.11336,6458.016482,1146.803507,0,0.335318418,0.169,0.6,0.877038059,,,,,,
78.6575,Rabigh GT-10,SA_WOA,GTUR,OIL,0.191700033,48,48,0.01704,0.01704,6458.016482,1146.803507,0,0.317833646,0.169,0.6,0.877038059,,,,,,
71.9235,Rabigh GT-11,SA_WOA,GTUR,OIL,0.195642925,48,48,0.10442,0.11336,6458.016482,1146.803507,0,0.347591538,0.169,0.6,0.877038059,,,,,,
79.8805,Rabigh GT-12,SA_WOA,GTUR,OIL,0.192722146,48,48,0.10442,0.11336,6458.016482,1146.803507,0,0.312967495,0.169,0.6,0.877038059,,,,,,
352,Rabigh CC-1,SA_WOA,COMC,OIL,0.241738265,48,48,0.0153,0.0153,17500,340.0637477,0,0.224431818,0.4793,0.874125874,0.522475425,,,,,,
352,Rabigh CC-2,SA_WOA,COMC,OIL,0.247516265,48,48,0.0153,0.0153,17500,340.0637477,0,0.224431818,0.4793,0.874125874,0.522475425,,,,,,
440,Rabigh CC-3,SA_WOA,COMC,OIL,0.266411743,48,48,0.0153,0.0153,17500,340.0637477,0,0.179545455,0.4793,0.874125874,0.522475425,,,,,,
60,Rabigh GT-13,SA_WOA,GTUR,OIL,0.300729099,13.14782609,2,0.05,0.05,6458.016482,1146.803507,0,0.5,0.169,0.6,0.877038059,,,,,,
60,Rabigh GT-14,SA_WOA,GTUR,OIL,0.286994807,13.14782609,2,0.05,0.05,6458.016482,1146.803507,0,0.5,0.169,0.6,0.877038059,,,,,,
60,Rabigh GT-15,SA_WOA,GTUR,OIL,0.295283153,13.14782609,2,0.05,0.05,6458.016482,1146.803507,0,0.5,0.169,0.6,0.877038059,,,,,,
60,Rabigh GT-16,SA_WOA,GTUR,OIL,0.29386817,13.14782609,2,0.05,0.05,6458.016482,1146.803507,0,0.5,0.169,0.6,0.877038059,,,,,,
60,Rabigh GT-17,SA_WOA,GTUR,OIL,0.296810423,13.14782609,2,0.05,0.05,6458.016482,1146.803507,0,0.5,0.169,0.6,0.877038059,,,,,,
60,Rabigh GT-18,SA_WOA,GTUR,OIL,0.307913326,13.14782609,2,0.05,0.05,6458.016482,1146.803507,0,0.5,0.169,0.6,0.877038059,,,,,,
60,Rabigh GT-19,SA_WOA,GTUR,OIL,0.302695808,13.14782609,2,0.05,0.05,6458.016482,1146.803507,0,0.5,0.169,0.6,0.877038059,,,,,,
60,Rabigh GT-20,SA_WOA,GTUR,OIL,0.293748759,13.14782609,2,0.05,0.05,6458.016482,1146.803507,0,0.5,0.169,0.6,0.877038059,,,,,,
60,Rabigh GT-21,SA_WOA,GTUR,OIL,0.294174731,13.14782609,2,0.05,0.05,6458.016482,1146.803507,0,0.5,0.169,0.6,0.877038059,,,,,,
60,Rabigh GT-22,SA_WOA,GTUR,OIL,0.296936987,13.14782609,2,0.05,0.05,6458.016482,1146.803507,0,0.5,0.169,0.6,0.877038059,,,,,,
60,Rabigh GT-23,SA_WOA,GTUR,OIL,0.296420817,13.14782609,2,0.05,0.05,6458.016482,1146.803507,0,0.5,0.169,0.6,0.877038059,,,,,,
60,Rabigh GT-24,SA_WOA,GTUR,OIL,0.304416037,13.14782609,2,0.05,0.05,6458.016482,1146.803507,0,0.5,0.169,0.6,0.877038059,,,,,,
60,Rabigh GT-25,SA_WOA,GTUR,OIL,0.300468783,13.14782609,2,0.05,0.05,6458.016482,1146.803507,0,0.5,0.169,0.6,0.877038059,,,,,,
60,Rabigh GT-26,SA_WOA,GTUR,OIL,0.291959679,13.14782609,2,0.05,0.05,6458.016482,1146.803507,0,0.5,0.169,0.6,0.877038059,,,,,,
60,Rabigh GT-27,SA_WOA,GTUR,OIL,0.31285595,13.14782609,2,0.05,0.05,6458.016482,1146.803507,0,0.5,0.169,0.6,0.877038059,,,,,,
60,Rabigh GT-28,SA_WOA,GTUR,OIL,0.301252151,13.14782609,2,0.05,0.05,6458.016482,1146.803507,0,0.5,0.169,0.6,0.877038059,,,,,,
60,Rabigh GT-29,SA_WOA,GTUR,OIL,0.290519391,13.14782609,2,0.05,0.05,6458.016482,1146.803507,0,0.5,0.169,0.6,0.877038059,,,,,,
60,Rabigh GT-30,SA_WOA,GTUR,OIL,0.302070097,13.14782609,2,0.05,0.05,6458.016482,1146.803507,0,0.5,0.169,0.6,0.877038059,,,,,,
60,Rabigh GT-31,SA_WOA,GTUR,OIL,0.309578341,13.14782609,2,0.05,0.05,6458.016482,1146.803507,0,0.5,0.169,0.6,0.877038059,,,,,,
60,Rabigh GT-32,SA_WOA,GTUR,OIL,0.301712983,13.14782609,2,0.05,0.05,6458.016482,1146.803507,0,0.5,0.169,0.6,0.877038059,,,,,,
60,Rabigh GT-33,SA_WOA,GTUR,OIL,0.298942751,13.14782609,2,0.05,0.05,6458.016482,1146.803507,0,0.5,0.169,0.6,0.877038059,,,,,,
60,Rabigh GT-34,SA_WOA,GTUR,OIL,0.286830273,13.14782609,2,0.05,0.05,6458.016482,1146.803507,0,0.5,0.169,0.6,0.877038059,,,,,,
60,Rabigh GT-35,SA_WOA,GTUR,OIL,0.290938273,13.14782609,2,0.05,0.05,6458.016482,1146.803507,0,0.5,0.169,0.6,0.877038059,,,,,,
60,Rabigh GT-36,SA_WOA,GTUR,OIL,0.300468783,13.14782609,2,0.05,0.05,6458.016482,1146.803507,0,0.5,0.169,0.6,0.877038059,,,,,,
60,Rabigh GT-37,SA_WOA,GTUR,OIL,0.299254747,13.14782609,2,0.05,0.05,6458.016482,1146.803507,0,0.5,0.169,0.6,0.877038059,,,,,,
60,Rabigh GT-38,SA_WOA,GTUR,OIL,0.297535106,13.14782609,2,0.05,0.05,6458.016482,1146.803507,0,0.5,0.169,0.6,0.877038059,,,,,,
60,Rabigh GT-39,SA_WOA,GTUR,OIL,0.283894917,13.14782609,2,0.05,0.05,6458.016482,1146.803507,0,0.5,0.169,0.6,0.877038059,,,,,,
60,Rabigh GT-40,SA_WOA,GTUR,OIL,0.283164567,13.14782609,2,0.05,0.05,6458.016482,1146.803507,0,0.5,0.169,0.6,0.877038059,,,,,,
639,Rabigh2 ST-01,SA_WOA,STUR,HFO,0.431833525,48,48,0.01923,0.01923,29508.53003,186.1603718,0,0.156494523,0.362627907,4.395348837,0.680611563,,,,,,
639,Rabigh2 ST-02,SA_WOA,STUR,HFO,0.431833525,48,48,0.01923,0.01923,29508.53003,186.1603718,0,0.156494523,0.362627907,4.395348837,0.680611563,,,,,,
639,Rabigh2 ST-03,SA_WOA,STUR,HFO,0.431833525,48,48,0.01923,0.01923,29508.53003,186.1603718,0,0.156494523,0.362627907,4.395348837,0.680611563,,,,,,
639,Rabigh2 ST-04,SA_WOA,STUR,HFO,0.431833525,48,48,0.01923,0.01923,29508.53003,186.1603718,0,0.219092332,0.362627907,4.395348837,0.680611563,,,,,,
58.579,Jeddah PP3 GT-01,SA_WOA,GTUR,DSL,0.267638171,0.044117647,2,0.06726,0.06726,6458.016482,1146.803507,0,0.51212892,0.169,0.6,0.870213776,,,,,,
54.691,Jeddah PP3 GT-02,SA_WOA,GTUR,DSL,0.274715662,0.044117647,2,0.06726,0.06726,6458.016482,1146.803507,0,0.548536322,0.169,0.6,0.870213776,,,,,,
47.989,Jeddah PP3 GT-03,SA_WOA,GTUR,DSL,0.264174091,0.044117647,2,0.06726,0.06726,6458.016482,1146.803507,0,0.625143262,0.169,0.6,0.870213776,,,,,,
48.0945,Jeddah PP3 GT-04,SA_WOA,GTUR,DSL,0.270977395,0.044117647,2,0.06726,0.06726,6458.016482,1146.803507,0,0.623771949,0.169,0.6,0.870213776,,,,,,
57.3355,Jeddah PP3 GT-05,SA_WOA,GTUR,DSL,0.283848163,0.044117647,2,0.06818,0.06818,6458.016482,1146.803507,0,0.52323604,0.169,0.6,0.870213776,,,,,,
56.1545,Jeddah PP3 GT-06,SA_WOA,GTUR,DSL,0.258409135,0.044117647,2,0.06818,0.06818,6458.016482,1146.803507,0,0.534240355,0.169,0.6,0.870213776,,,,,,
52.049,Jeddah PP3 GT-07,SA_WOA,GTUR,DSL,0.270089854,0.044117647,2,0.06818,0.06818,6458.016482,1146.803507,0,0.57637995,0.169,0.6,0.870213776,,,,,,
55.3145,Jeddah PP3 GT-08,SA_WOA,GTUR,DSL,0.267305759,0.044117647,2,0.06818,0.06818,6458.016482,1146.803507,0,0.542353271,0.169,0.6,0.870213776,,,,,,
49.371,Jeddah PP3 GT-09,SA_WOA,GTUR,DSL,0.283684295,0.044117647,2,0.06818,0.06818,6458.016482,1146.803507,0,0.607644164,0.169,0.6,0.870213776,,,,,,
49.925,Jeddah PP3 GT-10,SA_WOA,GTUR,DSL,0.248634459,0.044117647,2,0.06818,0.06818,6458.016482,1146.803507,0,0.600901352,0.169,0.6,0.870213776,,,,,,
48.7945,Jeddah PP3 GT-11,SA_WOA,GTUR,DSL,0.269336474,0.044117647,2,0.06818,0.06818,6458.016482,1146.803507,0,0.614823392,0.169,0.6,0.870213776,,,,,,
67.259,Jeddah PP3 GT-12,SA_WOA,GTUR,OIL,0.271481471,13.14782609,2,0.05803,0.05803,6458.016482,1146.803507,0,0.446036962,0.169,0.6,0.877038059,,,,,,
54.0945,Jeddah PP3 GT-13,SA_WOA,GTUR,OIL,0.284671549,13.14782609,2,0.05803,0.05803,6458.016482,1146.803507,0,0.554585032,0.169,0.6,0.877038059,,,,,,
60.033,Jeddah PP3 GT-14,SA_WOA,GTUR,OIL,0.274945809,13.14782609,2,0.05803,0.05803,6458.016482,1146.803507,0,0.499725151,0.169,0.6,0.877038059,,,,,,
58.894,Jeddah PP3 GT-15,SA_WOA,GTUR,OIL,0.286417501,13.14782609,2,0.05803,0.05803,6458.016482,1146.803507,0,0.509389751,0.169,0.6,0.877038059,,,,,,
54.7755,Jeddah PP3 GT-16,SA_WOA,GTUR,OIL,0.307390137,13.14782609,2,0.05803,0.05803,6458.016482,1146.803507,0,0.547690117,0.169,0.6,0.877038059,,,,,,
69.2165,Jeddah PP3 GT-17,SA_WOA,GTUR,OIL,0.27231624,13.14782609,2,0.05803,0.05803,6458.016482,1146.803507,0,0.433422667,0.169,0.6,0.877038059,,,,,,
52.2565,Jeddah PP3 GT-18,SA_WOA,GTUR,OIL,0.282372984,13.14782609,2,0.05803,0.05803,6458.016482,1146.803507,0,0.574091261,0.169,0.6,0.877038059,,,,,,
75.481,Jeddah PP3 GT-19,SA_WOA,GTUR,OIL,0.292601944,13.14782609,2,0.05803,0.05803,6458.016482,1146.803507,0,0.397451014,0.169,0.6,0.877038059,,,,,,
53.4095,Jeddah PP3 GT-20,SA_WOA,GTUR,OIL,0.28810786,13.14782609,2,0.05803,0.05803,6458.016482,1146.803507,0,0.561697825,0.169,0.6,0.877038059,,,,,,
54.659,Jeddah PP3 GT-21,SA_WOA,GTUR,OIL,0.262541735,13.14782609,2,0.05803,0.05803,6458.016482,1146.803507,0,0.548857462,0.169,0.6,0.877038059,,,,,,
62.0565,Jeddah PP3 GT-22,SA_WOA,GTUR,OIL,0.281047567,13.14782609,2,0.05803,0.05803,6458.016482,1146.803507,0,0.483430422,0.169,0.6,0.877038059,,,,,,
60.029,Jeddah PP3 GT-23,SA_WOA,GTUR,OIL,0.275115399,13.14782609,2,0.05803,0.05803,6458.016482,1146.803507,0,0.49975845,0.169,0.6,0.877038059,,,,,,
61.0855,Jeddah PP3 GT-24,SA_WOA,GTUR,OIL,0.281307737,13.14782609,2,0.05803,0.05803,6458.016482,1146.803507,0,0.491114913,0.169,0.6,0.877038059,,,,,,
63.6145,Jeddah PP3 GT-25,SA_WOA,GTUR,OIL,0.281575319,13.14782609,2,0.05803,0.05803,6458.016482,1146.803507,0,0.471590596,0.169,0.6,0.877038059,,,,,,
61.5435,Jeddah PP3 GT-26,SA_WOA,GTUR,OIL,0.286454931,13.14782609,2,0.05803,0.05803,6458.016482,1146.803507,0,0.487460089,0.169,0.6,0.877038059,,,,,,
62.079,Jeddah PP3 GT-27,SA_WOA,GTUR,OIL,0.287480145,13.14782609,2,0.05803,0.05803,6458.016482,1146.803507,0,0.483255207,0.169,0.6,0.877038059,,,,,,
77.599,Jeddah PP3 GT-28,SA_WOA,GTUR,OIL,0.303859146,13.14782609,2,0.04854,0.04854,6458.016482,1146.803507,0,0.38660292,0.169,0.6,0.877038059,,,,,,
88.4095,Jeddah PP3 GT-29,SA_WOA,GTUR,OIL,0.313990437,13.14782609,2,0.04854,0.04854,6458.016482,1146.803507,0,0.339330049,0.169,0.6,0.877038059,,,,,,
63.594,Jeddah PP3 GT-30,SA_WOA,GTUR,OIL,0.31870386,13.14782609,2,0.04854,0.04854,6458.016482,1146.803507,0,0.471742617,0.169,0.6,0.877038059,,,,,,
74.0945,Jeddah PP3 GT-31,SA_WOA,GTUR,OIL,0.303730562,13.14782609,2,0.04854,0.04854,6458.016482,1146.803507,0,0.404888352,0.169,0.6,0.877038059,,,,,,
70.57,Jeddah PP3 GT-32,SA_WOA,GTUR,OIL,0.313484564,13.14782609,2,0.04854,0.04854,6458.016482,1146.803507,0,0.42510982,0.169,0.6,0.877038059,,,,,,
85.2695,Jeddah PP3 GT-33,SA_WOA,GTUR,OIL,0.312343452,13.14782609,2,0.04854,0.04854,6458.016482,1146.803507,0,0.351825682,0.169,0.6,0.877038059,,,,,,
77.25,Jeddah PP3 GT-34,SA_WOA,GTUR,OIL,0.318183414,13.14782609,2,0.04854,0.04854,6458.016482,1146.803507,0,0.388349515,0.169,0.6,0.877038059,,,,,,
80.36,Jeddah PP3 GT-35,SA_WOA,GTUR,OIL,0.323739775,13.14782609,2,0.04854,0.04854,6458.016482,1146.803507,0,0.37332006,0.169,0.6,0.877038059,,,,,,
12.531,Makkah GT-01,SA_WOA,GTUR,DSL,0.204250847,0.044117647,2,0.16667,0.16667,6458.016482,1146.803507,0,0.798020908,0.169,0.6,0.870213776,,,,,,
16.6765,Makkah GT-02,SA_WOA,GTUR,DSL,0.199602982,0.044117647,2,0.13636,0.13636,6458.016482,1146.803507,0,0.599646209,0.169,0.6,0.870213776,,,,,,
24.379,Makkah GT-03,SA_WOA,GTUR,DSL,0.204999394,0.044117647,2,0.13636,0.13636,6458.016482,1146.803507,0,0.410189097,0.169,0.6,0.870213776,,,,,,
53.871,Makkah GT-04,SA_WOA,GTUR,DSL,0.276563503,0.044117647,2,0.07444,0.07444,6458.016482,1146.803507,0,0.519760168,0.169,0.6,0.870213776,,,,,,
47.379,Makkah GT-05,SA_WOA,GTUR,DSL,0.243018909,0.044117647,2,0.07444,0.07444,6458.016482,1146.803507,0,0.590979126,0.169,0.6,0.870213776,,,,,,
52.959,Makkah GT-06,SA_WOA,GTUR,DSL,0.242673237,0.044117647,2,0.07444,0.07444,6458.016482,1146.803507,0,0.52871089,0.169,0.6,0.870213776,,,,,,
51.3545,Makkah GT-07,SA_WOA,GTUR,DSL,0.248940733,0.044117647,2,0.07444,0.07444,6458.016482,1146.803507,0,0.545229727,0.169,0.6,0.870213776,,,,,,
52.3855,Makkah GT-08,SA_WOA,GTUR,DSL,0.281074309,0.044117647,2,0.06479,0.06479,6458.016482,1146.803507,0,0.725391568,0.169,0.6,0.870213776,,,,,,
55.7665,Makkah GT-09,SA_WOA,GTUR,DSL,0.275424981,0.044117647,2,0.06479,0.06479,6458.016482,1146.803507,0,0.681412676,0.169,0.6,0.870213776,,,,,,
59.329,Makkah GT-10,SA_WOA,GTUR,DSL,0.280151213,0.044117647,2,0.06479,0.06479,6458.016482,1146.803507,0,0.640496216,0.169,0.6,0.870213776,,,,,,
53.4335,Makkah GT-11,SA_WOA,GTUR,DSL,0.271027682,0.044117647,2,0.06186,0.06186,6458.016482,1146.803507,0,0.711164344,0.169,0.6,0.870213776,,,,,,
62.7145,Makkah GT-12,SA_WOA,GTUR,DSL,0.252328021,0.044117647,2,0.06186,0.06186,6458.016482,1146.803507,0,0.605920481,0.169,0.6,0.870213776,,,,,,
69.9145,Makkah GT-13,SA_WOA,GTUR,DSL,0.283951331,0.044117647,2,0.05317,0.05317,6458.016482,1146.803507,0,0.615036938,0.169,0.6,0.870213776,,,,,,
67.1435,Makkah GT-14,SA_WOA,GTUR,DSL,0.278141593,0.044117647,2,0.05638,0.05638,6458.016482,1146.803507,0,0.6404194,0.169,0.6,0.870213776,,,,,,
74.471,Makkah GT-15,SA_WOA,GTUR,DSL,0.296099226,0.044117647,2,0.05638,0.05638,6458.016482,1146.803507,0,0.57740597,0.169,0.6,0.870213776,,,,,,
61.329,Makkah GT-16,SA_WOA,GTUR,DSL,0.295535015,0.044117647,2,0.05638,0.05638,6458.016482,1146.803507,0,0.701136493,0.169,0.6,0.870213776,,,,,,
65.7,Makkah GT-17,SA_WOA,GTUR,DSL,0.275558438,0.044117647,2,0.05638,0.05638,6458.016482,1146.803507,0,0.654490107,0.169,0.6,0.870213776,,,,,,
70.561,Makkah GT-18,SA_WOA,GTUR,DSL,0.252234758,0.044117647,2,0.05638,0.05638,6458.016482,1146.803507,0,0.609401794,0.169,0.6,0.870213776,,,,,,
25.013,Madinah Airport GT-01,SA_WOA,GTUR,DSL,0.229791332,0.044117647,2,0.15075,0.15075,6458.016482,1146.803507,0,0.399792108,0.169,0.6,0.870213776,,,,,,
23.449,Madinah Airport GT-02,SA_WOA,GTUR,DSL,0.223690225,0.044117647,2,0.15075,0.15075,6458.016482,1146.803507,0,0.426457418,0.169,0.6,0.870213776,,,,,,
24.5435,Madinah Bir Ali GT-03,SA_WOA,GTUR,DSL,0.220041314,0.044117647,2,0.14778,0.14778,6458.016482,1146.803507,0,0.407439852,0.169,0.6,0.870213776,,,,,,
17.579,Madinah Airport GT-05,SA_WOA,GTUR,DSL,0.221598287,0.044117647,2,0.16575,0.16575,6458.016482,1146.803507,0,0.568860572,0.169,0.6,0.870213776,,,,,,
62.7925,Madinah Airport GT-06,SA_WOA,GTUR,DSL,0.298502354,0.044117647,2,0.06322,0.06322,6458.016482,1146.803507,0,0.39813672,0.169,0.6,0.870213776,,,,,,
59.899,Madinah Airport GT-07,SA_WOA,GTUR,DSL,0.285275369,0.044117647,2,0.06322,0.06322,6458.016482,1146.803507,0,0.417369238,0.169,0.6,0.870213776,,,,,,
71.1695,Madinah Airport GT-08,SA_WOA,GTUR,DSL,0.288215143,0.044117647,2,0.05214,0.05214,6458.016482,1146.803507,0,0.421528885,0.169,0.6,0.870213776,,,,,,
69.3075,Madinah Airport GT-09,SA_WOA,GTUR,DSL,0.282044823,0.044117647,2,0.05214,0.05214,6458.016482,1146.803507,0,0.432853587,0.169,0.6,0.870213776,,,,,,
20.871,Taif  GT-01,SA_WOA,GTUR,DSL,0.227806529,0.044117647,2,0.15385,0.15385,6458.016482,1146.803507,0,0.383306981,0.169,0.6,0.870213776,,,,,,
21.6,Taif  GT-02,SA_WOA,GTUR,DSL,0.214826503,0.044117647,2,0.15385,0.15385,6458.016482,1146.803507,0,0.37037037,0.169,0.6,0.870213776,,,,,,
20.741,Taif  GT-03,SA_WOA,GTUR,DSL,0.288108716,0.044117647,2,0.18809,0.18809,6458.016482,1146.803507,0,0.241068415,0.169,0.6,0.870213776,,,,,,
25.3245,Taif  GT-04,SA_WOA,GTUR,DSL,0.240439935,0.044117647,2,0.14778,0.14778,6458.016482,1146.803507,0,0.315899623,0.169,0.6,0.870213776,,,,,,
25.1955,Taif  GT-05,SA_WOA,GTUR,DSL,0.218625516,0.044117647,2,0.14778,0.14778,6458.016482,1146.803507,0,0.317517017,0.169,0.6,0.870213776,,,,,,
23.4855,Taif  GT-06,SA_WOA,GTUR,DSL,0.235202619,0.044117647,2,0.14778,0.14778,6458.016482,1146.803507,0,0.340635711,0.169,0.6,0.870213776,,,,,,
25.6035,Yanbu GT-01,SA_WOA,GTUR,DSL,0.235439357,0.044117647,2,0.16565,0.16565,6458.016482,1146.803507,0,0.195285801,0.169,0.6,0.870213776,,,,,,
22.97,Yanbu GT-02,SA_WOA,GTUR,DSL,0.229887536,0.044117647,2,0.16565,0.16565,6458.016482,1146.803507,0,0.217675229,0.169,0.6,0.870213776,,,,,,
22.159,Yanbu GT-03,SA_WOA,GTUR,DSL,0.227663459,0.044117647,2,0.16565,0.16565,6458.016482,1146.803507,0,0.225641951,0.169,0.6,0.870213776,,,,,,
500,SWCC-WOA,SA_WOA,ICEN,GAS,0.287573437,0.8,2,0.5,0.5,900,1146.803507,0,0.525490196,0.4063,0.3,0.430043313,,,,,,
1000,Shoaiba-IWPP,SA_WOA,ICEN,GAS,0.287573437,0.8,2,0.5,0.5,900,1146.803507,0,0.525490196,0.4063,0.3,0.430043313,,,,,,
1300,RBG-IPP,SA_WOA,ICEN,GAS,0.287573437,0.8,2,0.5,0.5,900,1146.803507,0,0.525490196,0.4063,0.3,0.430043313,,,,,,
100,Rental-WOA,SA_WOA,ICEN,GAS,0.287573437,0.8,2,0.5,0.5,900,1146.803507,0,0.525490196,0.4063,0.3,0.430043313,,,,,,
5.4,King Abdulaziz International Airport Solar PV Park,SA_WOA,PHOT,SUN,1,0,0,0.548703336,0.548703336,0,0,0,0,0.9375,0.125,0,,,,,,
2,King Abdullah University of Science and Technology - Solar Park,SA_WOA,PHOT,SUN,1,0,0,0.548703336,0.548703336,0,0,0,0,0.9375,0.125,0,,,,,,
1,King Abdullah University of Science and Technology - Solar Park I,SA_WOA,PHOT,SUN,1,0,0,0.548703336,0.548703336,0,0,0,0,0.9375,0.125,0,,,,,,
1,King Abdullah University of Science and Technology - Solar Park II,SA_WOA,PHOT,SUN,1,0,0,0.548703336,0.548703336,0,0,0,0,0.9375,0.125,0,,,,,,
0.13,Bahra Industrial Complex,SA_WOA,CPV,SUN,1,0,0,0.548703336,0.548703336,0,0,0,0,0.9375,0.125,0,,,,,,